CUIE,CENTRO,LOCALIDAD,DEPARTAMENTO,PROVINCIA,Historias clinicas,Prestaciones
B00007,CENTRO DE SALUD RICARDO ROJAS,FLORENCIO VARELA,FLORENCIO VARELA,BA,156,824
B00008,CENTRO DE SALUD SAN FRANCISCO,FLORENCIO VARELA,FLORENCIO VARELA,BA,120,101
B00010,UNIDAD SANITARIA SAN RUDECINDO,FLORENCIO VARELA,FLORENCIO VARELA,BA,30,438
B00011,HOSPITAL OFTALMOLOGICO SAN FERNANDO DE LA BUENA VISTA COMPLEJO JOSE LUIS PERICOLI,SAN FERNANDO,SAN FERNANDO,BA,6,115
B00012,CENTRO DE SALUD ING. ALLAN,FLORENCIO VARELA,FLORENCIO VARELA,BA,180,98
B00013,CENTRO DE SALUD LA ESMERALDA,FLORENCIO VARELA,FLORENCIO VARELA,BA,48,256
B00015,CENTRO DE SALUD MARTIN FIERRO,FLORENCIO VARELA,FLORENCIO VARELA,BA,12,115
B00016,CENTRO DE SALUD SARMIENTO,FLORENCIO VARELA,FLORENCIO VARELA,BA,90,61
B00017,UNIDAD SANITARIA RAMON CARRILO BARRIO MATADERO,NAVARRO,NAVARRO,BA,6,54
B00031,UNIDAD SANITARIA PADRE MORA -EX LA CASITA-,SAN MIGUEL,SAN MIGUEL,BA,36,628
B00032,CAPS N° 22 JUAN NAAB,GENERAL SAN MARTÍN,GENERAL SAN MARTÍN,BA,6,787
B00033,HOSPITAL ZONAL ESPECIALIZADO EN ONCOLOGIA LUCIANO FORTABAT,OLAVARRIA,OLAVARRÍA,BA,6,359
B00034,HOSPITAL INTERMIEDIO MUNICIPAL DR. RENE FAVALORO,ZARATE,ZÁRATE,BA,12,145
B00038,HOSPITAL DE TRAUMATOLOGIA DOMINGO AGIO (UPD),JOSE C. PAZ,JOSE C. PAZ,BA,246,7959
B00039,HOSPITAL DE ALTA COMPLEJIDAD RUBEN CAPORALETTI (UPD),JOSE C. PAZ,JOSE C. PAZ,BA,24,544
B00040,OFICINA DE SALUD MENTAL,JOSE C. PAZ,JOSE C. PAZ,BA,6,290
B00043,CAPS N° 24 VIRGEN MARIA 8 DE DICIEMBRE,LONGCHAMPS,ALMIRANTE BROWN,BA,60,105
B00045,HOSPITAL ODONTOLOGICO MUNICIPAL DR. MAURICIO KAPLAN,GENERAL RODRIGUEZ,GENERAL RODRIGUEZ,BA,6,186
B00049,UNIDAD SANITARIA N° 28 PLAN FEDERAL,MONTE GRANDE,ESTEBAN ECHEVERRÍA,BA,84,60
B00052,HOSPITAL MUNICIPAL SAN MIGUEL ARCANGEL,BELLA VISTA,SAN MIGUEL,BA,24,128
B00053,CENTRO DE SALUD DR. ERNESTO SCROCHI KM 26.700,FLORENCIO VARELA,FLORENCIO VARELA,BA,6,218
B00055,CENTRO DE SALUD VILLA MONICA DR ROSELLI,FLORENCIO VARELA,FLORENCIO VARELA,BA,132,107
B00064,UNIDAD DE DIAGNOSTICO PRECOZ DR. HORACIO DUPUY,ESCOBAR,ESCOBAR,BA,6,713
B00069,UNIDAD SANITARIA SAN CARLOS,MORENO,MORENO,BA,78,135
B00070,UNIDAD SANITARIA MOLINA CAMPOS,MORENO,MORENO,BA,282,2244
B00071,UNIDAD SANITARIA. BO. ANDERSON,MORENO,MORENO,BA,168,108
B00075,UNIDAD SANITARIA DR. RAUL MATERA (LOMAS DE MARILO),SAN MIGUEL,SAN MIGUEL,BA,42,112
B00134,UNIDAD SANITARIA LAS CATONAS,MORENO,MORENO,BA,60,120
B00135,UNIDAD SANITARIA 25 DE MAYO,MORENO,MORENO,BA,90,137
B00137,UNIDAD SANITARIA INDABURU,MORENO,MORENO,BA,96,124
B00143,UNIDAD SANITARIA Nº 3 SANTA RITA,MERLO,MERLO,BA,36,470
B00144,UNIDAD SANITARIA N 11 PARQUE SAN MARTIN,MERLO,MERLO,BA,66,230
B00184,UNIDAD SANITARIA Nº 24 BO. AMPLIACION,MERLO,MERLO,BA,174,793
B00191,UNIDAD SANITARIA QUESADA PACHECO,MALVINAS ARGENTINAS,MALVINAS ARGENTINAS,BA,42,114
B00192,UNIDAD SANITARIA N 32 LA CASTELLANA,MERLO,MERLO,BA,42,230
B00196,UNIDAD SANITARIA TIERRAS ALTAS,MALVINAS ARGENTINAS,MALVINAS ARGENTINAS,BA,6,103
B00198,UNIDAD SANITARIA PARQUE ALVEAR,MALVINAS ARGENTINAS,MALVINAS ARGENTINAS,BA,48,258
B00199,UNIDAD SANITARIA Nº 2 LA PERLITA,MORENO,MORENO,BA,66,170
B00200,UNIDAD SANITARIA N4 LA FORTUNA,MORENO,MORENO,BA,24,99
B00203,UNIDAD SANITARIA LAS FLORES,MORENO,MORENO,BA,216,97
B00222,UNIDAD SANITARIA BO EL SOL,MALVINAS ARGENTINAS,MALVINAS ARGENTINAS,BA,6,644
B00223,UNIDAD SANITARIA DRA MARTA ANTONIAZZI (EX VIRGEN DE LUJAN),SAN MIGUEL,SAN MIGUEL,BA,84,157
B00224,C. A. P. S. N 07 - JUAN VUCETICH,JOSE C. PAZ,JOSE C. PAZ,BA,126,609
B00225,C. A. P. S. N 12 - LAS ACACIAS,JOSE C. PAZ,JOSE C. PAZ,BA,18,409
B00227,UNIDAD SANITARIA N 2 DR. E. FINOCHIETO,MERLO,MERLO,BA,102,118
B00228,UNIDAD SANITARIA III LOS CARDALES - MERLO,MERLO,MERLO,BA,42,209
B00229,UNIDAD SANITARIA N° 14 EL OMBU,MERLO,MERLO,BA,78,221
B00233,UNIDAD SANITARIA LOMAS DE MARILO,MORENO,MORENO,BA,18,145
B00234,UNIDAD SANITARIA MARTIN FIERRO,MORENO,MORENO,BA,84,424
B00235,UNIDAD SANITARIA LA VICTORIA,MORENO,MORENO,BA,6,503
B00243,UNIDAD SANITARIA N 06 - VILLA MITRE,BERAZATEGUI,BERAZATEGUI,BA,60,97
B00245,UNIDAD SANITARIA N 13 - DR.EMILIO TORRES,BERAZATEGUI,BERAZATEGUI,BA,72,137
B00264,UNIDAD SANITARIA I CARDENAL SAMORE,MERLO,MERLO,BA,36,116
B00265,UNIDAD SANITARIA ARCO IRIS AMBULATORIA,MERLO,MERLO,BA,54,458
B00266,UNIDAD SANITARIA IV MERLO GOMEZ,MERLO,MERLO,BA,54,549
B00267,UNIDAD SANITARIA LA REJA GRANDE,MORENO,MORENO,BA,12,93
B00268,C. A. P. S. N 28 - LA PAZ,JOSE C. PAZ,JOSE C. PAZ,BA,6,626
B00272,UNIDAD SANITARIA N 25 - SOC. DE FOMENTO - EL CICLON,BERAZATEGUI,BERAZATEGUI,BA,48,776
B00274,UNIDAD SANITARIA N 24 - 1 DE MAYO,BERAZATEGUI,BERAZATEGUI,BA,6,820
B00278,C. A. P. S. N 33 - LA PRIMAVERA,JOSE C. PAZ,JOSE C. PAZ,BA,6,254
B00279,C. A. P. S. N 35 - SAGRADA FAMILIA,JOSE C. PAZ,JOSE C. PAZ,BA,102,318
B00280,UNIDAD SANITARIA SANTA MARIA,MALVINAS ARGENTINAS,MALVINAS ARGENTINAS,BA,12,846
B00281,UNIDAD SANITARIA 11 DE FEBRERO,MALVINAS ARGENTINAS,MALVINAS ARGENTINAS,BA,12,99
B00283,UNIDAD SANITARIA DR. FEDERICO LELOIR (BARRIO OBLIGADO),SAN MIGUEL,SAN MIGUEL,BA,204,157
B00288,UNIDAD SANITARIA CORTEJARENA,MORENO,MORENO,BA,12,761
B00369,UNIDAD SANITARIA PLAYAS DEL SUR,MAR DEL PLATA,GENERAL PUEYRREDÓN,BA,42,195
B00371,CENTRO DE SALUD N 26 EL CEIBO,MERLO,MERLO,BA,84,147
B00372,UNIDAD SANITARIA Nº 33 LAS TORRES,MERLO,MERLO,BA,132,490
B00373,C. A. P. S. N 46 - SUIZO INFICO,JOSE C. PAZ,JOSE C. PAZ,BA,48,102
B00374,UNIDAD SANITARIA DR. RENE FAVALORO (BARRIO TRUJUY),SAN MIGUEL,SAN MIGUEL,BA,36,134
B00394,UNIDAD SANITARIA Nº 34 BO. ARGENTINO,MERLO,MERLO,BA,42,484
B00400,UNIDAD SANITARIA RAMON CARILLO,SAN MIGUEL,SAN MIGUEL,BA,54,95
B00469,UNIDAD SANITARIA N 01 - DR. JAVIER SABATO,BERAZATEGUI,BERAZATEGUI,BA,180,1045
B00471,CENTRO DE SALUD N 2,MAR DEL PLATA,GENERAL PUEYRREDÓN,BA,246,767
B00472,CAPS EL MARTILLO,MAR DEL PLATA,GENERAL PUEYRREDÓN,BA,396,995
B00473,CAPS IREMI,MAR DEL PLATA,GENERAL PUEYRREDÓN,BA,300,2162
B00479,UNIDAD SANITARIA PRESIDENTE PERON,SAN MIGUEL,SAN MIGUEL,BA,24,118
B00480,C. A. P. S. N 15 - ALBERDI,JOSE C. PAZ,JOSE C. PAZ,BA,150,642
B00491,UNIDAD SANITARIA Nº 38 MARIANO ACOSTA,MERLO,MERLO,BA,414,3719
B00492,UNIDAD SANITARIA ATENCION PROGRAMADA ( UFO ),SAN MIGUEL,SAN MIGUEL,BA,78,869
B00533,UNIDAD SANITARIA N 09 - BUENAVENTURA,BERAZATEGUI,BERAZATEGUI,BA,36,111
B00534,UNIDAD SANITARIA N 20 - PRIMAVERA,BERAZATEGUI,BERAZATEGUI,BA,24,625
B00535,UNIDAD SANITARIA N 21 - LOS CIRUELOS,BERAZATEGUI,BERAZATEGUI,BA,66,111
B00536,UNIDAD SANITARIA N 26 - SAN JOSE Y SAN MAURO,BERAZATEGUI,BERAZATEGUI,BA,48,103
B00537,UNIDAD SANITARIA N 05 - BO. JACARANDA,BERAZATEGUI,BERAZATEGUI,BA,24,186
B00540,UNIDAD SANITARIA J.M CORTEZ,MORENO,MORENO,BA,54,100
B00541,CENTRO DE SALUD CANDIDO CASTELO,SAN MIGUEL,SAN MIGUEL,BA,132,750
B00545,C. A. P. S. N 36 - SAN ATILIO,JOSE C. PAZ,JOSE C. PAZ,BA,6,141
B00547,CENTRO ASISTENCIAL AMPLIACION DEVOTO,MALVINAS ARGENTINAS,MALVINAS ARGENTINAS,BA,24,364
B00574,UNIDAD SANITARIA ANGEL BO,HURLINGHAM,HURLINGHAM,BA,126,99
B00575,UNIDAD SANITARIA BARTOLOME MITRE,HURLINGHAM,HURLINGHAM,BA,132,97
B00576,UNIDAD SANITARIA SAN JOSE OBRERO,HURLINGHAM,HURLINGHAM,BA,48,678
B00583,UNIDAD SANITARIA DR. ALBERTO SABIN (LOS PARAISOS),SAN MIGUEL,SAN MIGUEL,BA,126,779
B00589,CENTRO DE SALUD ZEBALLOS I DR RAMON CARRILLO,FLORENCIO VARELA,FLORENCIO VARELA,BA,150,543
B00592,C. A. P. S. N 29 - LAS HERAS,JOSE C. PAZ,JOSE C. PAZ,BA,144,206
B00593,UNIDAD SANITARIA 17 DE AGOSTO - SANTA BRIGIDA,MORENO,MORENO,BA,96,665
B00594,CENTRO DE SALUD ZEBALLOS II,FLORENCIO VARELA,FLORENCIO VARELA,BA,156,406
B00597,UNIDAD SANITARIA JORGE NEWBERY,MAR DEL PLATA,GENERAL PUEYRREDÓN,BA,48,115
B00598,CENTRO DE SALUD DON JOSE,FLORENCIO VARELA,FLORENCIO VARELA,BA,66,147
B00634,HOSPITAL MUNICIPAL SAN BERNARDINO DE SIENA,HURLINGHAM,HURLINGHAM,BA,786,8379
B00650,C. A. P. S. EL OMBU,JOSE C. PAZ,JOSE C. PAZ,BA,6,285
B00651,UNIDAD SANITARIA Nº 4 J. INGENIEROS,MERLO,MERLO,BA,144,194
B00652,UNIDAD SANITARIA N 36 ELIAS FERNANDEZ,MERLO,MERLO,BA,120,246
B00655,C. A. P. S. N 53 - SOL Y VERDE,JOSE C. PAZ,JOSE C. PAZ,BA,174,893
B00673,CAPS COHELO MEYRELLES,MAR DEL PLATA,GENERAL PUEYRREDÓN,BA,60,545
B00680,UNIDAD SANITARIA N 29 - BARRIO LUZ,BERAZATEGUI,BERAZATEGUI,BA,18,767
B00681,UNIDAD SANITARIA N 18 - GENERAL BELGRANO,BERAZATEGUI,BERAZATEGUI,BA,18,805
B00682,UNIDAD SANITARIA N 11 - EL PATO,BERAZATEGUI,BERAZATEGUI,BA,48,334
B00683,UNIDAD SANITARIA N 27 - BARRIO KENNEDY,BERAZATEGUI,BERAZATEGUI,BA,6,891
B00685,UNIDAD SANITARIA Nº 14 - REMIGIO ZORATTI,BERAZATEGUI,BERAZATEGUI,BA,6,243
B00696,UNIDAD SANITARIA LAS AMERICAS,MAR DEL PLATA,GENERAL PUEYRREDÓN,BA,126,121
B00699,CAPS SAN CAYETANO,PILAR,PILAR,BA,36,664
B00707,CAPS LAS HERAS,MAR DEL PLATA,GENERAL PUEYRREDÓN,BA,312,1214
B00712,UNIDAD SANITARIA N 16 LAS COLINAS,ESTEBAN ECHEVERRIA,ESTEBAN ECHEVERRÍA,BA,66,655
B00713,UNIDAD SANITARIA N 13 SANTA CATALINA,ESTEBAN ECHEVERRIA,ESTEBAN ECHEVERRÍA,BA,78,495
B00714,UNIDAD SANITARIA N 08 SANTA ISABEL,ESTEBAN ECHEVERRIA,ESTEBAN ECHEVERRÍA,BA,78,294
B00729,UNIDAD SANITARIA 2 DE ABRIL,HURLINGHAM,HURLINGHAM,BA,24,608
B00730,UNIDAD SANITARIA EVA PERON,HURLINGHAM,HURLINGHAM,BA,48,99
B00732,UNIDAD SANITARIA 21 DE AGOSTO - SAN ALBERTO,HURLINGHAM,HURLINGHAM,BA,78,272
B00734,HOSPITAL ZONAL GRAL DE AGUDOS DR. E. ERILL,ESCOBAR,ESCOBAR,BA,48,206
B00743,UNIDAD SANITARIA EL PRIMAVERAL,MALVINAS ARGENTINAS,MALVINAS ARGENTINAS,BA,108,101
B00744,UNIDAD SANITARIA LA ESPERANZA,MORENO,MORENO,BA,84,848
B00763,UNIDAD SANITARIA MANUEL ALBERTI,PILAR,PILAR,BA,30,551
B00765,UNIDAD SANITARIA BO. EL PINAZO,PILAR,PILAR,BA,54,432
B00766,UNIDAD SANITARIA SAN ALEJO,PILAR,PILAR,BA,6,202
B00768,CAPS SANTA TERESA,PILAR,PILAR,BA,60,520
B00769,CAPS TORO,PILAR,PILAR,BA,36,737
B00770,CAPS VILLA ROSA,PILAR,PILAR,BA,60,289
B00771,CAPS VILLA VERDE,PILAR,PILAR,BA,54,712
B00772,CAPS PRESIDENTE DERQUI,PILAR,PILAR,BA,186,613
B00773,HOSPITAL MUNICIPAL G. SANGUINETTI,PILAR,PILAR,BA,120,1447
B00790,UNIDAD SANITARIA 2 DE ABRIL,QUILMES,QUILMES,BA,12,420
B00791,UNIDAD SANITARIA DR. HOUSSAY,QUILMES,QUILMES,BA,18,366
B00792,CENTRO ASISTENCIAL MUNICIPAL DON BOSCO,QUILMES,QUILMES,BA,48,495
B00793,UNIDAD SANITARIA DREYMAR,QUILMES,QUILMES,BA,30,57
B00795,UNIDAD SANITARIA LA PAZ,QUILMES,QUILMES,BA,6,125
B00796,UNIDAD SANITARIA LA PRIMAVERA,QUILMES,QUILMES,BA,24,761
B00799,UNIDAD SANITARIA MONTEVERDE,QUILMES,QUILMES,BA,24,168
B00806,HOSPITAL SUBZONAL MATERNO INFANTIL DR. EDUARDO OLLER,QUILMES,QUILMES,BA,156,160
B00807,HOSPITAL ZONAL GENERAL DE AGUDOS DR. ISIDORO IRIARTE,QUILMES,QUILMES,BA,492,4374
B00809,C. A. P. S. N 32 - MIRADOR DE ALTUBE,JOSE C. PAZ,JOSE C. PAZ,BA,6,165
B00810,C. A. P. S. N 39 - SAN ROQUE,JOSE C. PAZ,JOSE C. PAZ,BA,6,131
B00811,C. A. P. S. N 52 - URQUIZA,JOSE C. PAZ,JOSE C. PAZ,BA,168,393
B00813,HOSPITAL ZONAL GENERAL DE AGUDOS GOBERNADOR DOMINGO MERCANTE,JOSE C. PAZ,JOSE C. PAZ,BA,204,371
B00819,UNIDAD SANITARIA Nº 15 ( CIC SANTA MARTA ),MERLO,MERLO,BA,126,166
B00820,UNIDAD SANITARIA Nº 20 SAN EDUARDO,MERLO,MERLO,BA,90,251
B00821,UNIDAD SANITARIA Nº 25 BO. OLAECHEA,MERLO,MERLO,BA,30,196
B00822,UNIDAD SANITARIA N° 28 B LAS CAMPANILLAS,MERLO,MERLO,BA,162,633
B00823,UNIDAD SANITARIA N 37 EL VIVERO,MERLO,MERLO,BA,36,199
B00824,HOSPITAL MUNICIPAL EVA PERON,MERLO,MERLO,BA,132,1144
B00825,HOSPITAL MUNICIPAL MATERNO INFANTIL DR. PEDRO CHUTRO,MERLO,MERLO,BA,1848,2522
B00826,HOSPITAL MATERNO INFANTIL PONTEVEDRA,MERLO,MERLO,BA,372,2580
B00827,HOSPITAL HEROES DE MALVINAS - MERLO,MERLO,MERLO,BA,1704,3580
B00829,UNIDAD SANITARIA FRANCISCO ALVAREZ,MORENO,MORENO,BA,174,247
B00830,UNIDAD SANITARIA LOMAS DE CASASCO,MORENO,MORENO,BA,168,138
B00831,HOSPITAL ZONAL GENERAL DE AGUODS MARIANO Y LUCIANO DE LA VEGA,MORENO,MORENO,BA,156,838
B00832,HOSPITAL INTERZONAL GENERAL DE AGUDOS VICENTE LOPEZ Y PLANES,GENERAL RODRIGUEZ,GENERAL RODRIGUEZ,BA,210,198
B00835,UNIDAD SANITARIA 17 DE AGOSTO (BARRIO BARRUFALDI),SAN MIGUEL,SAN MIGUEL,BA,12,114
B00836,HOSPITAL DR. RAUL LARCADE,SAN MIGUEL,SAN MIGUEL,BA,1140,6887
B01035,UNIDAD SANITARIA N 02 - HUDSON,BERAZATEGUI,BERAZATEGUI,BA,72,190
B01044,UNIDAD SANITARIA N 06 9 DE ABRIL,ESTEBAN ECHEVERRIA,ESTEBAN ECHEVERRÍA,BA,120,317
B01045,UNIDAD SANITARIA N 03 EL JAGUEL,ESTEBAN ECHEVERRIA,ESTEBAN ECHEVERRÍA,BA,144,874
B01046,UNIDAD SANITARIA N 10 EL ZAIZAR,ESTEBAN ECHEVERRIA,ESTEBAN ECHEVERRÍA,BA,102,811
B01056,UNIDAD SANITARIA DR. LUIS RESIO,ESCOBAR,ESCOBAR,BA,192,381
B01060,CENTRO DE SALUD LAS MALVINAS,FLORENCIO VARELA,FLORENCIO VARELA,BA,138,755
B01063,CENTRO DE SALUD SANTO TOMAS,FLORENCIO VARELA,FLORENCIO VARELA,BA,84,561
B01080,UNIDAD SANITARIA 2 DE ABRIL,MAR DEL PLATA,GENERAL PUEYRREDÓN,BA,42,373
B01081,CAPS BATAN,BATAN,GENERAL PUEYRREDÓN,BA,144,673
B01082,UNIDAD SANITARIA LA PEREGRINA,MAR DEL PLATA,GENERAL PUEYRREDÓN,BA,96,751
B01083,SUBCENTRO LIBERTAD,MAR DEL PLATA,GENERAL PUEYRREDÓN,BA,288,1954
B01084,U. S. PARQUE HERMOSO,MAR DEL PLATA,GENERAL PUEYRREDÓN,BA,6,137
B01480,CAPS LOS CACHORROS,PILAR,PILAR,BA,60,408
B01481,CAPS MANZANARES,PILAR,PILAR,BA,30,658
B02000,UNIDAD SANITARIA N 7 13 DE JULIO,ALMIRANTE BROWN,ALMIRANTE BROWN,BA,54,717
B02001,CAPS N 3 - BARRIO LINDO,ALMIRANTE BROWN,ALMIRANTE BROWN,BA,90,104
B02004,CENTRO MUNICIPAL DE DIAGNOSTICO Y PREVENCION DE LA SALUD,ALMIRANTE BROWN,ALMIRANTE BROWN,BA,24,885
B02005,UNIDAD SANITARIA N 9 FLOREAL FERRARA (EX ISABEL VENDRAMINI),ALMIRANTE BROWN,ALMIRANTE BROWN,BA,84,97
B02006,UNIDAD SANITARIA N 1 MINISTRO RIVADAVIA,ALMIRANTE BROWN,ALMIRANTE BROWN,BA,168,153
B02007,UNIDAD SANITARIA N 13 BURZACO,ALMIRANTE BROWN,ALMIRANTE BROWN,BA,12,738
B02008,UNIDAD SANITARIA N 2 MI HORIZONTE,ALMIRANTE BROWN,ALMIRANTE BROWN,BA,30,122
B02009,UNIDAD SANITARIA N 12 DON ORIONE,ALMIRANTE BROWN,ALMIRANTE BROWN,BA,210,426
B02010,UNIDAD SANITARIA N 6 LOS ALAMOS,ALMIRANTE BROWN,ALMIRANTE BROWN,BA,42,132
B02011,UNIDAD SANITARIA N 15 GLEW II,ALMIRANTE BROWN,ALMIRANTE BROWN,BA,96,95
B02012,UNIDAD SANITARIA N 14 GLEW I,ALMIRANTE BROWN,ALMIRANTE BROWN,BA,108,130
B02014,CENTRO MATERNO INFANTIL N 5 RAYO DE SOL,ALMIRANTE BROWN,ALMIRANTE BROWN,BA,126,184
B02015,UNIDAD SANITARIA N 17 SAN AGUSTIN,ALMIRANTE BROWN,ALMIRANTE BROWN,BA,108,101
B02016,UNIDAD SANITARIA N 10 28 DE DICIEMBRE,ALMIRANTE BROWN,ALMIRANTE BROWN,BA,48,164
B02017,UNIDAD SANITARIA N 16 RAFAEL CALZADA,ALMIRANTE BROWN,ALMIRANTE BROWN,BA,144,161
B02024,UNIDAD SANITARIA N 05 - GERLI,AVELLANEDA,AVELLANEDA,BA,12,486
B02025,UNIDAD SANITARIA N 14 - GERLI ESTE,AVELLANEDA,AVELLANEDA,BA,12,33
B02026,UNIDAD SANITARIA N 06 - GRAL. SAN MARTIN,AVELLANEDA,AVELLANEDA,BA,60,539
B02027,UNIDAD SANITARIA N 09 - ISLA MACIEL DOCK,AVELLANEDA,AVELLANEDA,BA,60,719
B02028,UNIDAD SANITARIA N 18 - PINEYRO,AVELLANEDA,AVELLANEDA,BA,6,69
B02031,UNIDAD SANITARIA N 11 - SARANDI,AVELLANEDA,AVELLANEDA,BA,24,268
B02033,UNIDAD SANITARIA N 19 - VILLA ARGENTINA,AVELLANEDA,AVELLANEDA,BA,12,200
B02035,UNIDAD SANITARIA Nº 03 - VILLA DOMINICO,AVELLANEDA,AVELLANEDA,BA,30,246
B02036,UNIDAD SANITARIA Nº 17 - VILLA DOMINICO,AVELLANEDA,AVELLANEDA,BA,12,722
B02037,UNIDAD SANITARIA N 01 - VILLA DOMINICO,AVELLANEDA,AVELLANEDA,BA,60,888
B02040,UNIDAD SANITARIA N 10,AVELLANEDA,AVELLANEDA,BA,6,111
B02041,UNIDAD SANITARIA RAMON CARRILLO,AYACUCHO,AYACUCHO,BA,12,96
B02042,UNIDAD SANITARIA N 02 SAN JOSE,AZUL,AZUL,BA,42,222
B02043,UNIDAD SANITARIA N 05 DR. MANUEL INZA (EX ESCUELA 64),AZUL,AZUL,BA,12,229
B02045,UNIDAD SANITARIA N 06 PROF. RUBEN DEPAULA (EX CAPILLA DEL CARMEN),AZUL,AZUL,BA,36,418
B02046,UNIDAD SANITARIA VILLA SERRA,BAHIA BLANCA,BAHIA BLANCA,BA,30,230
B02049,UNIDAD SANITARIA AVELLANEDA,BAHIA BLANCA,BAHIA BLANCA,BA,24,315
B02052,UNIDAD SANITARIA ESTOMBA,BAHIA BLANCA,BAHIA BLANCA,BA,18,359
B02054,UNIDAD SANITARIA BELLA VISTA,BAHIA BLANCA,BAHIA BLANCA,BA,24,272
B02055,UNIDAD SANITARIA NOROESTE,BAHIA BLANCA,BAHIA BLANCA,BA,6,238
B02056,UNIDAD SANITARIA CABILDO,BAHIA BLANCA,BAHIA BLANCA,BA,6,85
B02057,UNIDAD SANITARIA LEANDRO PIÑEIRO,BAHIA BLANCA,BAHIA BLANCA,BA,84,850
B02058,UNIDAD SANITARIA GRAL DANIEL CERRI,BAHIA BLANCA,BAHIA BLANCA,BA,6,365
B02063,UNIDAD SANITARIA N 16 - UOCRA,BERAZATEGUI,BERAZATEGUI,BA,48,724
B02064,UNIDAD SANITARIA N 15 - GUEMES,BERAZATEGUI,BERAZATEGUI,BA,18,116
B02065,UNIDAD SANITARIA N 04 - BO. SAN JUAN,BERAZATEGUI,BERAZATEGUI,BA,36,394
B02066,UNIDAD SANITARIA N 28 - LAS HERMANAS,BERAZATEGUI,BERAZATEGUI,BA,90,112
B02067,UNIDAD SANITARIA N 23 - SAN PANTALEON,BERAZATEGUI,BERAZATEGUI,BA,24,735
B02068,UNIDAD SANITARIA N 17 - LUCHETTI,BERAZATEGUI,BERAZATEGUI,BA,60,817
B02070,UNIDAD SANITARIA ESCUELA N 18,BERISSO,BERISSO,BA,60,101
B02071,UNIDAD SANITARIA N 17 STA. TERESITA,BERISSO,BERISSO,BA,36,188
B02072,UNIDAD SANITARIA N 44 VILLA PROGRESO,BERISSO,BERISSO,BA,78,642
B02073,UNIDAD SANITARIA N 42 VILLA ESPANA,BERISSO,BERISSO,BA,42,775
B02074,UNIDAD SANITARIA N 35 EL CARMEN,BERISSO,BERISSO,BA,78,140
B02075,UNIDAD SANITARIA N 43 VILLA NUEVA,BERISSO,BERISSO,BA,156,99
B02077,UNIDAD SANITARIA N 16 VILLA INDEPENDENCIA,BERISSO,BERISSO,BA,30,538
B02078,UNIDAD SANITARIA N 19 VILLA ARGUELLO,BERISSO,BERISSO,BA,42,70
B02079,UNIDAD SANITARIA BARRIO LATINO,BAHIA BLANCA,BAHIA BLANCA,BA,6,105
B02080,UNIDAD SANITARIA EL BAJO,BRAGADO,BRAGADO,BA,18,318
B02082,UNIDAD SANITARIA BO. LAS MANDARINAS,CORONEL BRANDSEN,BRANDSEN,BA,66,129
B02083,UNIDAD SANITARIA JEPPENER,CORONEL BRANDSEN,BRANDSEN,BA,24,189
B02086,UNIDAD SANITARIA VILLA DEL CARMEN,CARMEN DE PATAGONES,PATAGONES,BA,12,452
B02087,UNIDAD SANITARIA JUAN PRADERE,CARMEN DE PATAGONES,PATAGONES,BA,6,209
B02088,UNIDAD SANITARIA DR. S. LOYDI (BO. CENTENARIO),CORONEL DORREGO,CORONEL DORREGO,BA,6,117
B02089,UNIDAD SANITARIA N 01 BO. DEL PINO,CAMPANA,CAMPANA,BA,6,185
B02090,UNIDAD SANITARIA N 11 STA. LUCIA,CAMPANA,CAMPANA,BA,6,42
B02093,UNIDAD SANITARIA N 17 LAS CAMPANAS,CAMPANA,CAMPANA,BA,24,350
B02094,UNIDAD SANITARIA N 07 LAS ACACIAS,CAMPANA,CAMPANA,BA,30,238
B02095,UNIDAD SANITARIA N 12 BO. SAN FELIPE,CAMPANA,CAMPANA,BA,42,265
B02097,CIC N 03 BO. LUBO,CAMPANA,CAMPANA,BA,60,453
B02098,UNIDAD SANITARIA N 06 BO. VILLA NUEVA,CAMPANA,CAMPANA,BA,144,444
B02099,CIC N 04 SAN CAYETANO,CAMPANA,CAMPANA,BA,6,447
B02100,UNIDAD SANITARIA N 02 COLINAS DE OTAMENDI,CAMPANA,CAMPANA,BA,6,362
B02101,UNIDAD SANITARIA N10 LA JOSEFA,CAMPANA,CAMPANA,BA,78,371
B02103,UNIDAD SANITARIA SAGRADO CORAZON DE JESUS MAXIMO PAZ,MAXIMO PAZ,CANUELAS,BA,18,73
B02104,UNIDAD SANITARIA BO. LA LOMA - C. SARMIENTO,CAPITAN SARMIENTO,CAPITAN SARMIENTO,BA,6,147
B02109,CAPS DR. CRESENCIO NATELLI,CHACABUCO,CHACABUCO,BA,6,198
B02110,CAPS SAN CAYETANO,CHACABUCO,CHACABUCO,BA,6,440
B02112,UNIDAD SANITARIA DE O HIGGINS,CHACABUCO,CHACABUCO,BA,12,60
B02113,UNIDAD SANITARIA LA UNION _ BARRIO GLAXO,CHIVILCOY,CHIVILCOY,BA,6,96
B02114,UNIDAD SANITARIA BO OBRERO SUR,CHIVILCOY,CHIVILCOY,BA,66,168
B02120,UNIDAD SANITARIA RAMON CARRILLO,DAIREAUX,DAIREAUX,BA,12,373
B02124,UNIDAD SANITARIA N 080 VILLA CATELA,ENSENADA,ENSENADA,BA,108,251
B02127,UNIDAD SANITARIA EL MOLINO - PUNTA LARA,ENSENADA,ENSENADA,BA,108,289
B02128,UNIDAD SANITARIA N 184 PUNTA LARA,ENSENADA,ENSENADA,BA,42,22
B02129,UNIDAD SANITARIA N 101 VILLA TRANQUILA,ENSENADA,ENSENADA,BA,102,538
B02131,UNIDAD SANITARIA CORONEL DORREGO BO. LAMB,ESCOBAR,ESCOBAR,BA,24,100
B02132,UNIDAD SANITARIA JUAN SELLES,ESCOBAR,ESCOBAR,BA,48,671
B02134,UNIDAD SANITARIA LOMA VERDE - ESCOBAR,ESCOBAR,ESCOBAR,BA,42,572
B02135,UNIDAD SANITARIA HORACIO CANESI MATHEU,ESCOBAR,ESCOBAR,BA,138,188
B02136,UNIDAD SANITARIA RAMON CARRILLO - ESCOBAR,ESCOBAR,ESCOBAR,BA,72,99
B02138,UNIDAD SANITARIA N 05 SAN FRANCISCO,ESTEBAN ECHEVERRIA,ESTEBAN ECHEVERRÍA,BA,144,446
B02139,UNIDAD SANITARIA N 11 PARISH ROBERTSON,ESTEBAN ECHEVERRIA,ESTEBAN ECHEVERRÍA,BA,156,575
B02140,UNIDAD SANITARIA N 01 GAMARRA,ESTEBAN ECHEVERRIA,ESTEBAN ECHEVERRÍA,BA,84,640
B02141,UNIDAD SANITARIA N 02 LA MORITA,ESTEBAN ECHEVERRIA,ESTEBAN ECHEVERRÍA,BA,54,860
B02142,UNIDAD SANITARIA N 19 EL FORTIN,ESTEBAN ECHEVERRIA,ESTEBAN ECHEVERRÍA,BA,84,487
B02143,UNIDAD SANITARIA N 09 SAN IGNACIO,ESTEBAN ECHEVERRIA,ESTEBAN ECHEVERRÍA,BA,78,331
B02144,UNIDAD SANITARIA N 14 MONTANA,ESTEBAN ECHEVERRIA,ESTEBAN ECHEVERRÍA,BA,42,390
B02145,UNIDAD SANITARIA N 17 SAGRADO CORAZON DE MARIA,ESTEBAN ECHEVERRIA,ESTEBAN ECHEVERRÍA,BA,6,385
B02146,UNIDAD SANITARIA N 04 SAN PEDRITO,ESTEBAN ECHEVERRIA,ESTEBAN ECHEVERRÍA,BA,492,1830
B02147,UNIDAD SANITARIA N 12 SOCIEDAD DE FOMENTO SAN MARTIN,ESTEBAN ECHEVERRIA,ESTEBAN ECHEVERRÍA,BA,18,265
B02152,BASE VIII CENTRO DE ATENCION PRIMARIA DE LA SALUD N° 2152 (BASE 8),EZEIZA,EZEIZA,BA,30,35
B02155,BASE II CENTRO DE ATENCIÓN PRIMARIA DE LA SALUD Nº 2155 (BASE 2),EZEIZA,EZEIZA,BA,96,648
B02156,BASE X CENTRO DE ATENCIÓN PRIMARIA DE LA SALUD Nº 2156 (BASE 10),EZEIZA,EZEIZA,BA,180,97
B02157,BASE IV CENTRO DE ATENCION PRIMARIA DE LA SALUD N° 2157 (BASE 4),EZEIZA,EZEIZA,BA,252,949
B02158,BASE I CENTRO DE ATENCION PRIMARIA DE LA SALUD N° 2158 (BASE 1),EZEIZA,EZEIZA,BA,228,464
B02159,BASE XIV CENTRO DE ATENCIÓN PRIMARIA DE LA SALUD Nº 2159 (BASE 14),EZEIZA,EZEIZA,BA,318,1298
B02160,BASE III CENTRO DE ATENCIÓN PRIMARIA DE LA SALUD N° 2156 (BASE 3),EZEIZA,EZEIZA,BA,6,301
B02161,BASE XII CENTRO DE ATENCIÓN PRIMARIA DE LA SALUD Nº 2161 (BASE 12),EZEIZA,EZEIZA,BA,264,821
B02162,BASE V CENTRO DE ATENCIÓN PRIMARIA DE LA SALUD N° 2162 (BASE 5),EZEIZA,EZEIZA,BA,108,165
B02163,BASE XVI CENTRO DE ATENCION PRIMARIA DE LA SALUD N 2163 (BASE 16),EZEIZA,EZEIZA,BA,222,455
B02164,BASE XVIII CENTRO DE ATENCIÓN PRIMARIA DE LA SALUD Nº 2164 (BASE 18),EZEIZA,EZEIZA,BA,438,1293
B02168,CENTRO DE SALUD PICO DE ORO DR NICOLAS BOCUZZI,FLORENCIO VARELA,FLORENCIO VARELA,BA,174,828
B02169,CENTRO DE SALUD SAN EDUARDO VILLA ABRILLE,FLORENCIO VARELA,FLORENCIO VARELA,BA,66,800
B02176,UNIDAD SANITARIA LOMA VERDE,LOMA VERDE,GENERAL PAZ,BA,6,85
B02177,UNIDAD SANITARIA VILLANUEVA,VILLANUEVA (AP. RIO SALADO),GENERAL PAZ,BA,6,77
B02183,UNIDAD SANITARIA BARRIO GENERAL BELGRANO - GENERAL MADARIAGA,GENERAL JUAN MADARIAGA,GENERAL JUAN MADARIAGA,BA,78,480
B02188,UNIDAD SANITARIA NUEVE DE JULIO - MAR DEL PLATA,MAR DEL PLATA,GENERAL PUEYRREDÓN,BA,144,132
B02189,CAPS FLORENTINO AMEGHINO,MAR DEL PLATA,GENERAL PUEYRREDÓN,BA,144,728
B02190,BASE XIX CENTRO DE ATENCIÓN PRIMARIA DE LA SALUD (BASE 19),EZEIZA,EZEIZA,BA,114,683
B02192,UNIDAD SANITARIA BO. CENTENARIO - GRAL. PUEYRREDON,MAR DEL PLATA,GENERAL PUEYRREDÓN,BA,30,299
B02205,UNIDAD DE ATENCION PRIMARIA Nº 05 GÜEMES,GENERAL RODRIGUEZ,GENERAL RODRIGUEZ,BA,102,237
B02206,UNIDAD DE ATENCION PRIMARIA Nº 01 LAS MALVINAS,GENERAL RODRIGUEZ,GENERAL RODRIGUEZ,BA,48,152
B02207,UNIDAD DE ATENCION PRIMARIA N 03 LOS NARANJOS,GENERAL RODRIGUEZ,GENERAL RODRIGUEZ,BA,24,206
B02208,UNIDAD DE ATENCION PRIMARIA N 06 VILLA SAN MARTIN - GRAL. RODRIGUEZ,GENERAL RODRIGUEZ,GENERAL RODRIGUEZ,BA,12,170
B02209,UNIDAD DE ATENCION PRIMARIA N 02 MI RINCON,GENERAL RODRIGUEZ,GENERAL RODRIGUEZ,BA,6,264
B02210,UNIDAD DE ATENCION PRIMARIA N 07 ALMIRANTE BROWN,GENERAL RODRIGUEZ,GENERAL RODRIGUEZ,BA,30,346
B02213,C. A. P. S. N 14 - BO. UNIDAD T. A.,GENERAL SAN MARTÍN,GENERAL SAN MARTÍN,BA,144,133
B02214,C. A. P. S. Nº 06 - BO. LIBERTADOR - GRAL. SAN MARTÍN,GENERAL SAN MARTÍN,GENERAL SAN MARTÍN,BA,12,716
B02215,C. A. P. S. N 19 - VILLA LIBERTAD,GENERAL SAN MARTÍN,GENERAL SAN MARTÍN,BA,42,118
B02216,C. A. P. S. Nº 07 - JOSE PEREYRA,GENERAL SAN MARTÍN,GENERAL SAN MARTÍN,BA,84,90
B02219,C. A. P. S. Nº 04 - DR. LUIS AGOTE,GENERAL SAN MARTÍN,GENERAL SAN MARTÍN,BA,66,272
B02220,HOSPITAL DR. A. FLEMMING,GENERAL SAN MARTÍN,GENERAL SAN MARTÍN,BA,120,348
B02221,C. A. P. S. Nº 08 - HEROES DE MALVINAS - GRAL. SAN MARTÍN,GENERAL SAN MARTÍN,GENERAL SAN MARTÍN,BA,6,262
B02222,C. A. P. S. Nº 09 - BILLINGHURST,GENERAL SAN MARTÍN,GENERAL SAN MARTÍN,BA,48,565
B02223,C. A. P. S. N 03 - CONCEPCION,GENERAL SAN MARTÍN,GENERAL SAN MARTÍN,BA,66,242
B02224,TRAILER PINEYRO,JOSE C. PAZ,JOSE C. PAZ,BA,24,180
B02225,C. A. P. S. Nº 13 - VILLA LYNCH,GENERAL SAN MARTÍN,GENERAL SAN MARTÍN,BA,18,744
B02232,UNIDAD SANITARIA JUAN XXIII,BAIGORRITA,GENERAL VIAMONTE,BA,6,82
B02236,UNIDAD SANITARIA BO. LIBERTADOR,HURLINGHAM,HURLINGHAM,BA,18,277
B02237,UNIDAD SANITARIA 2 DE JUNIO,HURLINGHAM,HURLINGHAM,BA,60,861
B02240,UNIDAD SANITARIA ITUZAINGO SUR IDELICO GELPI,ITUZAINGO,ITUZAINGÓ,BA,6,100
B02246,C. A. P. S. ZONA NORTE,JOSE C. PAZ,JOSE C. PAZ,BA,18,202
B02248,UNIDAD SANITARIA MONSENOR BUFANO,LA MATANZA,LA MATANZA,BA,126,181
B02249,C. A. P. S. SUIZO IDEAL,JOSE C. PAZ,JOSE C. PAZ,BA,30,54
B02251,UNIDAD SANITARIA Nº 8 VILLA DEL PARQUE,JUNIN,JUNIN,BA,6,273
B02253,UNIDAD SANITARIA Nº 9 LOS ALMENDROS,JUNIN,JUNIN,BA,6,156
B02255,UNIDAD SANITARIA N° 2 CAPILLA DE LORETO,JUNIN,JUNIN,BA,18,583
B02256,UNIDAD SANITARIA N° 7 EUSEBIO MARCILLA,JUNIN,JUNIN,BA,18,236
B02258,UNIDAD SANITARIA Nº 3 PRADO ESPAÑOL,JUNIN,JUNIN,BA,6,446
B02261,UNIDAD SANITARIA N° 4 EMILIO MITRE,JUNIN,JUNIN,BA,6,160
B02266,UNIDAD SANITARIA BO. ALMAFUERTE - LA MATANZA,LA MATANZA,LA MATANZA,BA,18,520
B02270,UNIDAD SANITARIA JUAN XXIII,LA MATANZA,LA MATANZA,BA,108,98
B02271,UNIDAD SANITARIA LA ESPERANZA G. CATAN,LA MATANZA,LA MATANZA,BA,42,280
B02272,UNIDAD SANITARIA LOS CEIBOS - LA MATANZA,LA MATANZA,LA MATANZA,BA,24,93
B02273,UNIDAD SANITARIA SABIN,LA MATANZA,LA MATANZA,BA,30,263
B02276,UNIDAD SANITARIA 17 DE AGOSTO - LA MATANZA,LA MATANZA,LA MATANZA,BA,36,534
B02277,UNIDAD SANITARIA SAN PEDRO - LA MATANZA,LA MATANZA,LA MATANZA,BA,30,497
B02285,UNIDAD SANITARIA MOVIL DON JUAN,LA MATANZA,LA MATANZA,BA,84,122
B02286,UNIDAD SANITARIA N 22 EVA PERON,LA MATANZA,LA MATANZA,BA,24,104
B02292,UNIDAD SANITARIA ROQUE PEREZ 20 DE JUNIO,LA MATANZA,LA MATANZA,BA,6,47
B02293,UNIDAD SANITARIA LA FORESTA,LA MATANZA,LA MATANZA,BA,54,402
B02294,UNIDAD SANITARIA N 40 VIRREY DEL PINO (U.S. VIRREY DEL PINO KM 41),LA MATANZA,LA MATANZA,BA,24,197
B02295,HOSPITAL MOVIL MI ESPERANZA,LA MATANZA,LA MATANZA,BA,24,144
B02296,UNIDAD SANITARIA FRANCISCA CAPUTTO,LA MATANZA,LA MATANZA,BA,30,500
B02301,UNIDAD SANITARIA BO. NICOLLE,LA MATANZA,LA MATANZA,BA,36,205
B02302,CENTRO DE SALUD N 10 ABASTO,LA PLATA,LA PLATA,BA,60,776
B02304,CENTRO DE SALUD Nº 11 ARTURO SEGUI,LA PLATA,LA PLATA,BA,36,593
B02306,CENTRO DE SALUD Nº 17 CITY BELL (BARRIO MARTIN FIERRO),LA PLATA,LA PLATA,BA,60,455
B02307,CENTRO DE SALUD N 05 CITY BELL,LA PLATA,LA PLATA,BA,96,558
B02308,CENTRO DE SALUD N 23 ETCHEVERRY,LA PLATA,LA PLATA,BA,12,829
B02309,CENTRO DE SALUD Nº 12 GORINA,LA PLATA,LA PLATA,BA,30,579
B02310,CENTRO DE SALUD Nº 33 LA GRANJA (SAN CARLOS),LA PLATA,LA PLATA,BA,162,552
B02311,CENTRO DE SALUD Nº 32 HERNANDEZ,LA PLATA,LA PLATA,BA,48,512
B02312,CENTRO DE SALUD N 20 LA GRANJA (SAN CARLOS),LA PLATA,LA PLATA,BA,102,116
B02314,CENTRO DE SALUD N 24 EL PELIGRO,LA PLATA,LA PLATA,BA,12,94
B02315,UNIDAD SANITARIA N 41 ALTOS DE SAN LORENZO (ELIZALDE),LA PLATA,LA PLATA,BA,90,757
B02318,CENTRO DE SALUD N 06 VILLA ELVIRA (BO. JARDIN),LA PLATA,LA PLATA,BA,126,632
B02319,CENTRO DE SALUD N 07 VILLA ELVIRA,LA PLATA,LA PLATA,BA,12,132
B02320,CENTRO DE SALUD N 19 VILLA ELVIRA (BARRIO AEROPUERTO),LA PLATA,LA PLATA,BA,72,820
B02321,CENTRO DE SALUD Nº 08 ALTOS DE SAN LORENZO,LA PLATA,LA PLATA,BA,222,124
B02323,CENTRO DE SALUD N 16 LOS HORNOS,LA PLATA,LA PLATA,BA,30,93
B02324,CENTRO DE SALUD N 18 LISANDRO OLMOS,LA PLATA,LA PLATA,BA,6,464
B02325,CENTRO DE SALUD N 37 LOS HORNOS,LA PLATA,LA PLATA,BA,132,850
B02326,CENTRO DE SALUD N 02 LOS HORNOS,LA PLATA,LA PLATA,BA,234,147
B02327,CENTRO DE SALUD N 01 LOS HORNOS,LA PLATA,LA PLATA,BA,120,810
B02328,CENTRO DE SALUD Nº 28 V. CASTELL,LA PLATA,LA PLATA,BA,30,328
B02329,CENTRO DE SALUD Nº 31 ROMERO (COLONIA URQUIZA),LA PLATA,LA PLATA,BA,12,548
B02330,CENTRO DE SALUD Nº 25 RINGUELET,LA PLATA,LA PLATA,BA,48,679
B02331,CENTRO DE SALUD N 09 TOLOSA,LA PLATA,LA PLATA,BA,18,658
B02332,CENTRO DE SALUD N 15 TOLOSA,LA PLATA,LA PLATA,BA,102,705
B02333,CENTRO DE SALUD N 14 TOLOSA,LA PLATA,LA PLATA,BA,60,563
B02334,CENTRO DE SALUD N 27 TOLOSA,LA PLATA,LA PLATA,BA,138,155
B02335,CENTRO DE SALUD N 36 VILLA ELISA,LA PLATA,LA PLATA,BA,42,206
B02336,CENTRO DE SALUD N 04 VILLA ELISA,LA PLATA,LA PLATA,BA,48,537
B02337,CENTRO DE SALUD N 35 VILLA ELVIRA,LA PLATA,LA PLATA,BA,30,765
B02338,CENTRO DE SALUD N 26 VILLA ELVIRA (VILLA MONTORO),LA PLATA,LA PLATA,BA,168,395
B02339,CENTRO DE SALUD N 34 ROMERO (BARRIO SANTA ANA),LA PLATA,LA PLATA,BA,6,515
B02342,CENTRO DE MEDICINA PREVENTIVA DR RENE FAVALORO,LANUS,LANUS,BA,12,899
B02344,UNIDAD SANITARIA DR. NICOLAS NATIELLO,LANUS,LANUS,BA,54,251
B02346,CENTRO DE SALUD N° 45 - VILLA ESLOVENA,LANUS,LANUS,BA,18,435
B02347,UNIDAD SANITARIA LANUS OESTE,LANUS,LANUS,BA,132,202
B02350,UNIDAD SANITARIA N 46 MONTE CHINGOLO,LANUS,LANUS,BA,42,201
B02353,CENTRO DE SALUD N° 39 VILLA ESPERANZA,LANUS,LANUS,BA,36,651
B02356,UNIDAD SANITARIA VALENTIN ALSINA,LANUS,LANUS,BA,96,168
B02357,CENTRO DE SALUD RAMON CARRILLO,LANUS,LANUS,BA,6,651
B02359,UNIDAD SANITARIA N° 31 MIRANDA NORGREEN,LANUS,LANUS,BA,72,243
B02362,CENTRO DE SALUD DR. A ILLIA,LANUS,LANUS,BA,6,104
B02363,UNIDAD SANITARIA VILLA JARDIN,LANUS,LANUS,BA,60,209
B02367,UNIDAD SANITARIA BARRIO EL HUMO,LEANDRO N. ALEM,LEANDRO N. ALEM,BA,6,39
B02371,UNIDAD SANITARIA BO INDEPENDENCIA,LOBERIA,LOBERIA,BA,12,3
B02372,UNIDAD SANITARIA EVA PERON,LOMAS DE ZAMORA,LOMAS DE ZAMORA,BA,78,726
B02374,UNIDAD SANITARIA MARIANO MORENO,LOMAS DE ZAMORA,LOMAS DE ZAMORA,BA,36,141
B02375,UNIDAD SANITARIA ALICIA MOREAU DE JUSTO,LOMAS DE ZAMORA,LOMAS DE ZAMORA,BA,36,106
B02376,UNIDAD SANITARIA DR. RAMON,LOMAS DE ZAMORA,LOMAS DE ZAMORA,BA,60,123
B02377,UNIDAD SANITARIA NUEVO FIORITO,LOMAS DE ZAMORA,LOMAS DE ZAMORA,BA,42,194
B02378,UNIDAD SANITARIA INGENIERO BUDGE,LOMAS DE ZAMORA,LOMAS DE ZAMORA,BA,18,779
B02380,UNIDAD SANITARIA DR. FEDERICO E. PAYAS,LOMAS DE ZAMORA,LOMAS DE ZAMORA,BA,12,100
B02381,UNIDAD SANITARIA PROSPERIDAD,LOMAS DE ZAMORA,LOMAS DE ZAMORA,BA,12,128
B02382,UNIDAD SANITARIA LA SALUD COMO DERECHO,LOMAS DE ZAMORA,LOMAS DE ZAMORA,BA,18,683
B02384,UNIDAD SANITARIA SOLIDARIDAD,LOMAS DE ZAMORA,LOMAS DE ZAMORA,BA,66,148
B02385,UNIDAD SANITARIA LA CORTADA,LOMAS DE ZAMORA,LOMAS DE ZAMORA,BA,48,139
B02386,UNIDAD SANITARIA SANTA CATALINA,LOMAS DE ZAMORA,LOMAS DE ZAMORA,BA,12,112
B02387,UNIDAD SANITARIA VILLA EL FARO,LOMAS DE ZAMORA,LOMAS DE ZAMORA,BA,36,102
B02389,UNIDAD SANITARIA VILLA INDEPENDENCIA,LOMAS DE ZAMORA,LOMAS DE ZAMORA,BA,36,120
B02390,UNIDAD SANITARIA DR E FINOCHIETTO,LOMAS DE ZAMORA,LOMAS DE ZAMORA,BA,72,118
B02391,UNIDAD SANITARIA SANTA MARTA,LOMAS DE ZAMORA,LOMAS DE ZAMORA,BA,12,100
B02392,UNIDAD SANITARIA VICENTE LOPEZ,LOMAS DE ZAMORA,LOMAS DE ZAMORA,BA,6,681
B02393,UNIDAD SANITARIA SANTA ROSA,LOMAS DE ZAMORA,LOMAS DE ZAMORA,BA,6,630
B02394,UNIDAD SANITARIA LAS CASUARINAS,LOMAS DE ZAMORA,LOMAS DE ZAMORA,BA,18,822
B02395,UNIDAD SANITARIA SAN JOSE,LOMAS DE ZAMORA,LOMAS DE ZAMORA,BA,24,120
B02399,UNIDAD SANITARIA DR. MARTIN J. OLIVERAS,LOMAS DE ZAMORA,LOMAS DE ZAMORA,BA,30,108
B02400,UNIDAD SANITARIA 19 DE DICIEMBRE,LOMAS DE ZAMORA,LOMAS DE ZAMORA,BA,72,118
B02401,UNIDAD SANITARIA VILLA ALBERTINA (19 DE DICIEMBRE),LOMAS DE ZAMORA,LOMAS DE ZAMORA,BA,66,146
B02402,UNIDAD SANITARIA DR ALBERTO FONROUGE,LOMAS DE ZAMORA,LOMAS DE ZAMORA,BA,48,509
B02403,UNIDAD SANITARIA LUIS AGOTE,LOMAS DE ZAMORA,LOMAS DE ZAMORA,BA,24,113
B02404,UNIDAD SANITARIA DR ANGEL A. TULLIO,LOMAS DE ZAMORA,LOMAS DE ZAMORA,BA,60,107
B02405,UNIDAD SANITARIA GRAL LAMADRID,LOMAS DE ZAMORA,LOMAS DE ZAMORA,BA,12,113
B02407,CAPS AMEGHINO,LUJAN,LUJAN,BA,18,168
B02408,CAPS OLIVERA,OLIVERA,LUJAN,BA,6,45
B02409,CAPS SAN PEDRO,LUJAN,LUJAN,BA,30,135
B02410,CAPS SANTA ELENA,LUJAN,LUJAN,BA,30,46
B02411,CENTRO DE MEDICINA PREVENTIVA EVA PERON - POLICLINICO,LUJAN,LUJAN,BA,48,84
B02412,CAPS OPEN DOOR,OPEN DOOR (EST. DR. DOMINGO CABRED),LUJAN,BA,18,197
B02413,UNIDAD SANITARIA SANTA MARIA,LUJAN,LUJAN,BA,36,107
B02418,UNIDAD SANITARIA SANTA CLARA DEL MAR,SANTA CLARA DEL MAR,MAR CHIQUITA,BA,114,718
B02421,UNIDAD SANITARIA BO. EL ZORZAL,MARCOS PAZ,MARCOS PAZ,BA,54,335
B02422,UNIDAD SANITARIA BO. GANDARA,MARCOS PAZ,MARCOS PAZ,BA,12,305
B02424,UNIDAD SANITARIA LOS BLANDENGUEZ,MERCEDES,MERCEDES,BA,18,311
B02425,UNIDAD SANITARIA BO. SAN MARTIN,MERCEDES,MERCEDES,BA,6,51
B02426,UNIDAD SANITARIA SAN JOSE,MERCEDES,MERCEDES,BA,12,221
B02432,UNIDAD SANITARIA VILLA ESCOBAR,MORENO,MORENO,BA,156,98
B02433,UNIDAD SANITARIA SAMBRIZZI,MORENO,MORENO,BA,126,165
B02434,UNIDAD SANITARIA SAN JORGE,MORENO,MORENO,BA,54,315
B02436,UNIDAD SANITARIA Nº 5 DR CORSI,MORENO,MORENO,BA,96,138
B02437,UNIDAD SANITARIA RAMON CARRILLO - BONGIOVANI,MORENO,MORENO,BA,18,672
B02440,UNIDAD SANITARIA BO SAN JUAN GELPI,MORON,MORON,BA,60,124
B02441,UNIDAD SANITARIA DR. WINTER (EX NTRA SRA DEL VALLE),MORON,MORON,BA,6,415
B02443,UNIDAD SANITARIA ALMAFUERTE,MORON,MORON,BA,12,580
B02444,CAPS AZUCENA VILLAFLOR,MORON,MORON,BA,6,885
B02446,UNIDAD SANITARIA DR MONTE,MORON,MORON,BA,18,655
B02448,UNIDAD SANITARIA PTE IBAÑEZ,MORON,MORON,BA,72,692
B02452,UNIDAD SANITARIA BO. SUDOESTE SR DANIEL DIEZ,NECOCHEA - QUEQUEN,NECOCHEA,BA,42,448
B02455,CAPS GRAL. JOSE DE SAN MARTIN,NECOCHEA - QUEQUEN,NECOCHEA,BA,18,293
B02456,UNIDAD SANITARIA ALBORADA II,9 DE JULIO,9 DE JULIO,BA,6,341
B02458,SALA DE PRIMEROS AUXILIOS DR. HECTOR LIZARRALDE,9 DE JULIO,9 DE JULIO,BA,12,234
B02459,UNIDAD SANITARIA BO LUJAN,9 DE JULIO,9 DE JULIO,BA,6,465
B02460,UNIDAD SANITARIA DR. NORMAN MOSCATO,9 DE JULIO,9 DE JULIO,BA,54,322
B02463,UNIDAD SANITARIA N 08 10 DE JUNIO,OLAVARRIA,OLAVARRÍA,BA,6,338
B02464,UNIDAD SANITARIA N 17 DAMASO ARCE,OLAVARRIA,OLAVARRÍA,BA,6,87
B02466,UNIDAD SANITARIA N 12 BO. CECO,OLAVARRIA,OLAVARRÍA,BA,6,120
B02467,UNIDAD SANITARIA N 18 ALBERDI,OLAVARRIA,OLAVARRÍA,BA,12,440
B02470,UNIDAD SANITARIA Nº 22 VILLA MAILIN,OLAVARRIA,OLAVARRÍA,BA,18,321
B02471,UNIDAD SANITARIA N 07 BO. INDEPENDENCIA,OLAVARRIA,OLAVARRÍA,BA,18,323
B02472,UNIDAD SANITARIA N 05 HIPOLITO IRIGOYEN,OLAVARRIA,OLAVARRÍA,BA,18,394
B02474,UNIDAD SANITARIA PIPINAS,PIPINAS,PUNTA INDIO,BA,6,34
B02475,UNIDAD SANITARIA VERONICA,VERONICA,PUNTA INDIO,BA,18,97
B02477,UNIDAD SANITARIA PARQUE AMERICANO,PRESIDENTE PERON,PRESIDENTE PERON,BA,66,99
B02478,UNIDAD SANITARIA DR. RAMON CARRILLO,PRESIDENTE PERON,PRESIDENTE PERON,BA,36,101
B02479,UNIDAD SANITARIA GUERNICA,PRESIDENTE PERON,PRESIDENTE PERON,BA,114,315
B02481,UNIDAD SANITARIA VA. NUMANCIA,PRESIDENTE PERON,PRESIDENTE PERON,BA,54,169
B02482,CENTRO DE ATENCION PRIMARIA BARRIO JOHN KENNEDY,PERGAMINO,PERGAMINO,BA,6,635
B02483,CENTRO DE ATENCION PRIMARIA DR. ITALO VIGLIERCHIO,PERGAMINO,PERGAMINO,BA,48,124
B02484,CENTRO DE ATENCION PRIMARIA RAUL ARBALLO,PERGAMINO,PERGAMINO,BA,18,407
B02485,CENTRO DE ATENCION PRIMARIA 12 DE OCTUBRE,PERGAMINO,PERGAMINO,BA,42,683
B02487,CENTRO DE ATENCION PRIMARIA DR OSCAR BUSTOS,PERGAMINO,PERGAMINO,BA,30,120
B02488,CAPS WILLIAM MORRIS,PILAR,PILAR,BA,114,353
B02489,UNIDAD SANITARIA LA LONJA,PILAR,PILAR,BA,6,459
B02490,CENTRO DE SALUD VILLA ASTOLFI,PILAR,PILAR,BA,102,293
B02491,UNIDAD SANITARIA VALERIA DEL MAR,PINAMAR,PINAMAR,BA,54,158
B02497,UNIDAD SANITARIA DR. PEDRO ELUSTONDO,QUILMES,QUILMES,BA,6,347
B02498,UNIDAD SANITARIA BERNAL OESTE,QUILMES,QUILMES,BA,6,160
B02501,UNIDAD SANITARIA 25 DE MAYO,QUILMES,QUILMES,BA,12,204
B02502,UNIDAD SANITARIA DR. PAROISSIEN,QUILMES,QUILMES,BA,12,334
B02503,UNIDAD SANITARIA ANTARTIDA ARGENTINA,QUILMES,QUILMES,BA,6,313
B02504,UNIDAD SANITARIA LA SARITA,QUILMES,QUILMES,BA,6,31
B02505,UNIDAD SANITARIA LA VERA,QUILMES,QUILMES,BA,6,35
B02511,INSTITUTO MUNICIPAL DE SALUD Y MEDICINA PREVENTIVA,QUILMES,QUILMES,BA,18,148
B02518,UNIDAD SANITARIA 8 DE OCTUBRE II,QUILMES,QUILMES,BA,6,185
B02521,UNIDAD SANITARIA VILLA GRAL SAVIO,VILLA GENERAL SAVIO (EST. SANCHEZ),RAMALLO,BA,6,92
B02522,UNIDAD SANITARIA PEREZ MILLAN,PEREZ MILLAN,RAMALLO,BA,18,156
B02523,UNIDAD SANITARIA VILLA RAMALLO,VILLA RAMALLO,RAMALLO,BA,18,226
B02525,UNIDAD SANITARIA BO. PROGRESO,ROJAS,ROJAS,BA,12,176
B02527,CENTRO DE ATENCION PRIMARIA ASENCIO E IBARBIA (EX FALUCHO),SALADILLO,SALADILLO,BA,24,124
B02528,CENTRO DE ATENCION PRIMARIA DE LA SALUD SAN ROQUE,SALADILLO,SALADILLO,BA,6,189
B02529,UNIDAD SANITARIA ARROYO DULCE,ARROYO DULCE,SALTO,BA,6,18
B02530,UNIDAD SANITARIA GAHAN,GAHAN,SALTO,BA,6,34
B02531,UNIDAD SANITARIA BARRIO ALONSO,SALTO,SALTO,BA,18,132
B02532,UNIDAD SANITARIA BARRIO RETIRO,SALTO,SALTO,BA,54,142
B02534,CENTRO MEDICO FAMILIAR LA UNION,SAN FERNANDO,SAN FERNANDO,BA,12,371
B02537,CONSULTORIO MEDICO MUNICIPAL,SAN FERNANDO,SAN FERNANDO,BA,6,325
B02538,CENTRO DE SALUD DR REINEKE (CSN° 34),SAN FERNANDO,SAN FERNANDO,BA,12,714
B02540,CENTRO DE SALUD VILLA FEDERAL DR. DI MATTEO,SAN FERNANDO,SAN FERNANDO,BA,12,128
B02542,CENTRO DE SALUD DR. FINOCHIETTO,SAN FERNANDO,SAN FERNANDO,BA,12,95
B02543,UNIDAD SANITARIA H. BERTRES,SAN FERNANDO,SAN FERNANDO,BA,24,130
B02544,CENTRO DE SALUD N 27,SAN FERNANDO,SAN FERNANDO,BA,84,363
B02545,CENTRO DE SALUD DR ITALO PIAGGI,SAN FERNANDO,SAN FERNANDO,BA,30,140
B02548,CENTRO DE SALUD CRISOL,SAN FERNANDO,SAN FERNANDO,BA,12,854
B02549,CENTRO DE SALUD N° 31,SAN FERNANDO,SAN FERNANDO,BA,18,859
B02551,CENTRO PERIFERICO DIAGONAL SALTA,SAN ISIDRO,SAN ISIDRO,BA,6,829
B02552,CENTRO PERIFERICO BECCAR,SAN ISIDRO,SAN ISIDRO,BA,30,236
B02554,CENTRO PERIFERICO BAJO BOULOGNE,SAN ISIDRO,SAN ISIDRO,BA,48,266
B02555,CENTRO PERIFERICO MARTINEZ,SAN ISIDRO,SAN ISIDRO,BA,24,850
B02556,CENTRO PERIFERICO LA RIVERA,SAN ISIDRO,SAN ISIDRO,BA,12,410
B02558,CENTRO PERIFERICO VILLA ADELINA,SAN ISIDRO,SAN ISIDRO,BA,102,111
B02559,UNIDAD SANITARIA BELLA VISTA NORTE,SAN MIGUEL,SAN MIGUEL,BA,72,550
B02560,UNIDAD SANITARIA RODOLFO PODESTA (BARTOLOME MITRE),SAN MIGUEL,SAN MIGUEL,BA,72,702
B02563,SALA DE PRIMEROS AUXILIOS GRAL ROJO,GENERAL ROJO,SAN NICOLAS,BA,6,123
B02575,CENTRO DE MEDICINA PREVENTIVA DR. FERREYRA,SAN NICOLAS DE LOS ARROYOS,SAN NICOLAS,BA,18,324
B02577,CAPS CANALETAS,SAN PEDRO,SAN PEDRO,BA,18,321
B02578,CAPS ARANA,RIO TALA,SAN PEDRO,BA,12,395
B02583,UNIDAD SANITARIA VILLA PUEBLO DE LA PAZ,SAN VICENTE,SAN VICENTE,BA,72,607
B02584,UNIDAD SANITARIA SANTA CLARA DE DOMSELAAR,SAN VICENTE,SAN VICENTE,BA,6,339
B02586,UNIDAD SANITARIA N 03 RODRIGUEZ SELVETTI (CAPS LUIS DEPAU),TANDIL,TANDIL,BA,24,259
B02587,CENTRO DE ATENCION PRIMARIA O. RIVERO (VILLA ITALIA NORTE),TANDIL,TANDIL,BA,24,365
B02588,UNIDAD SANITARIA BARRIO MAGGIORI,TANDIL,TANDIL,BA,30,399
B02589,UNIDAD SANITARIA LISANDRO DE LA TORRE,TANDIL,TANDIL,BA,6,145
B02590,UNIDAD SANITARIA N 02 VILLA AGUIRRE,TANDIL,TANDIL,BA,18,357
B02591,CENTRO DE SALUD EL ARCO,TIGRE,TIGRE,BA,114,110
B02592,CENTRO DE SALUD BENAVIDEZ,TIGRE,TIGRE,BA,66,307
B02593,CENTRO DE SALUD RICARDO ROJAS,TIGRE,TIGRE,BA,102,883
B02594,CENTRO DE SALUD N° 9 DIQUE LUJAN,TIGRE,TIGRE,BA,102,129
B02595,UNIDAD SANITARIA BUENOS AIRES,TIGRE,TIGRE,BA,132,144
B02596,CENTRO DE SALUD DON TORCUATO,TIGRE,TIGRE,BA,168,173
B02597,UNIDAD SANITARIA LA PALOMA,TIGRE,TIGRE,BA,120,170
B02598,UNIDAD SANITARIA ALMIRANTE BROWN,TIGRE,TIGRE,BA,114,124
B02599,CENTRO DE SALUD LAS TUNAS Y A DEL TALAR,TIGRE,TIGRE,BA,102,138
B02600,CENTRO DE SALUD GRAL PACHECO,TIGRE,TIGRE,BA,54,181
B02601,CENTRO DE SALUD RINCON DE MILBERG,TIGRE,TIGRE,BA,78,181
B02602,CENTRO DE SALUD CANAL ALTE. BROWN,TIGRE,TIGRE,BA,54,685
B02603,CENTRO DE SALUD TRONCOS DEL TALAR,TIGRE,TIGRE,BA,36,151
B02604,UNIDAD SANITARIA SANTA CLOTILDE,BERUTTI,TRENQUE LAUQUEN,BA,6,106
B02605,UNIDAD SANITARIA BO. INDIO TROMPA,TRENQUE LAUQUEN,TRENQUE LAUQUEN,BA,18,293
B02607,UNIDAD SANITARIA N 10 - CASEROS,TRES DE FEBRERO,TRES DE FEBRERO,BA,138,101
B02609,UNIDAD SANITARIA N 07 - EL PALOMAR,TRES DE FEBRERO,TRES DE FEBRERO,BA,12,733
B02610,UNIDAD SANITARIA N 02 - JOSE INGENIEROS,TRES DE FEBRERO,TRES DE FEBRERO,BA,6,682
B02611,UNIDAD SANITARIA N 05 - JONAS SALK,TRES DE FEBRERO,TRES DE FEBRERO,BA,54,115
B02612,UNIDAD SANITARIA N 09 - PABLO PODESTA,TRES DE FEBRERO,TRES DE FEBRERO,BA,132,133
B02614,UNIDAD SANITARIA N 04 - VILLA BOSCH,TRES DE FEBRERO,TRES DE FEBRERO,BA,6,589
B02615,UNIDAD SANITARIA N 08 - VILLA MATHEU,TRES DE FEBRERO,TRES DE FEBRERO,BA,48,115
B02616,UNIDAD DE ATENCION PRIMARIA DR. BURMAN,VICENTE LOPEZ,VICENTE LOPEZ,BA,30,114
B02619,UNIDAD SANITARIA DR. B. AGUIRRE,VICENTE LOPEZ,VICENTE LOPEZ,BA,18,521
B02624,UNIDAD DE ATENCION PRIMARIA N 05 RAVAZZOLI,VICENTE LOPEZ,VICENTE LOPEZ,BA,42,114
B02625,UNIDAD DE ATENCION PRIMARIA SENADOR A. BERMUDEZ,VICENTE LOPEZ,VICENTE LOPEZ,BA,24,432
B02626,UNIDAD DE ATENCION PRIMARIA PADRE BARBERO,VICENTE LOPEZ,VICENTE LOPEZ,BA,18,538
B02627,UNIDAD DE ATENCION PRIMARIA DR. ARTURO ILLIA,VICENTE LOPEZ,VICENTE LOPEZ,BA,6,768
B02629,UNIDAD SANITARIA BO. SAN PEDRO,25 DE MAYO,25 DE MAYO,BA,6,256
B02632,UNIDAD SANITARIA SUR,VILLA GESELL,VILLA GESELL,BA,18,319
B02633,UNIDAD SANITARIA NORTE,VILLA GESELL,VILLA GESELL,BA,30,114
B02634,UNIDAD SANITARIA CENTRO,VILLA GESELL,VILLA GESELL,BA,24,317
B02635,UNIDAD SANITARIA HILARIO ASCASUBI,HILARIO ASCASUBI,VILLARINO,BA,24,343
B02638,SALA VILLA NEGRI,ZARATE,ZÁRATE,BA,42,382
B02639,UNIDAD SANITARIA COVEPAM,ZARATE,ZÁRATE,BA,150,161
B03366,UNIDAD SANITARIA N 8 EL ENCUENTRO,ALMIRANTE BROWN,ALMIRANTE BROWN,BA,18,753
B03370,UNIDAD SANITARIA N 36 - BARRIO MARITIMO,BERAZATEGUI,BERAZATEGUI,BA,84,135
B03453,CAPS EUGENIO CASASCO,CHACABUCO,CHACABUCO,BA,12,220
B03454,HOSPITAL MUNICIPAL DE LEANDRO N ALEM (VEDIA),LEANDRO N. ALEM,LEANDRO N. ALEM,BA,18,765
B03672,C. A. P. S. N 12 - VILLA PIAGGIO,GENERAL SAN MARTÍN,GENERAL SAN MARTÍN,BA,18,841
B03673,C. A. P. S. N 15 VILLA LANZONES (ATAMDOS),GENERAL SAN MARTÍN,GENERAL SAN MARTÍN,BA,30,119
B03674,C. A. P. S. N 16 - VILLA ZAGALA,GENERAL SAN MARTÍN,GENERAL SAN MARTÍN,BA,24,136
B03712,HOSPITAL PUBLICO DE AUTOGESTION DR JOSE CASELLA SOLA,AZUL,AZUL,BA,18,170
B03714,UNIDAD SANITARIA Nº 08 SAN PANTALEON,AZUL,AZUL,BA,36,348
B03715,UNIDAD SANITARIA Nº 09 GONZALO IBAZETA,AZUL,AZUL,BA,12,172
B03723,HOSPITAL LOCAL ESPECIALIZADO EN PSIQUIATRIA DE HINOJO,HINOJO,OLAVARRÍA,BA,12,95
B03725,UNIDAD SANITARIA N 23 BELEN,OLAVARRIA,OLAVARRÍA,BA,6,142
B03750,UNIDAD SANITARIA LIMA,LIMA,ZÁRATE,BA,18,865
B03751,UNIDAD SANITARIA SAN MARTIN DE PORRES,ZARATE,ZÁRATE,BA,30,525
B03758,C. A. P. S. PINEIRO II,JOSE C. PAZ,JOSE C. PAZ,BA,24,85
B03760,UNIDAD SANITARIA ALFREDO VILAR,ESCOBAR,ESCOBAR,BA,150,92
B03761,UNIDAD SANITARIA EVA PERON,ESCOBAR,ESCOBAR,BA,150,230
B03762,UNIDAD SANITARIA ARGENTINO TORRES,ESCOBAR,ESCOBAR,BA,126,251
B03763,CENTRO MATERNO INFANTIL AUDELINA SAMBRANO,ESCOBAR,ESCOBAR,BA,54,617
B03766,HOSPITAL MOVIL AMBULANTE 110,MALVINAS ARGENTINAS,MALVINAS ARGENTINAS,BA,6,331
B07737,HOSPITAL LOCAL GENERAL SAN MARTIN,CARHUE,ADOLFO ALSINA,BA,18,24
B07743,HOSPITAL INTERZONAL GENERAL DE AGUDOS DR.JOSE PENNA,BAHIA BLANCA,BAHIA BLANCA,BA,156,198
B07744,"HOSPITAL MUNICIPAL DE AGUDOS ""DR. LEÓNIDAS LUCERO""",BAHIA BLANCA,BAHIA BLANCA,BA,18,581
B07748,UNIDAD SANITARIA ALDEA ROMANA,BAHIA BLANCA,BAHIA BLANCA,BA,6,118
B07750,UNIDAD SANITARIA SALADERO,BAHIA BLANCA,BAHIA BLANCA,BA,30,82
B07753,UNIDAD SANITARIA BO. COLON,BAHIA BLANCA,BAHIA BLANCA,BA,6,178
B07757,UNIDAD SANITARIA 12 DE OCTUBRE,BAHIA BLANCA,BAHIA BLANCA,BA,6,218
B07762,UNIDAD SANITARIA LOMA PARAGUAYA,BAHIA BLANCA,BAHIA BLANCA,BA,6,120
B07765,UNIDAD SANITARIA PAMPA CENTRAL,BAHIA BLANCA,BAHIA BLANCA,BA,6,219
B07775,UNIDAD SANITARIA ING. WHITE (HOSPITAL MENOR LEONOR DE CARELLI),BAHIA BLANCA,BAHIA BLANCA,BA,18,623
B07779,UNIDAD SANITARIA RIVADAVIA,BAHIA BLANCA,BAHIA BLANCA,BA,6,185
B07782,UNIDAD SANITARIA VILLA FLORESTA,BAHIA BLANCA,BAHIA BLANCA,BA,6,87
B07783,UNIDAD SANITARIA VILLA GLORIA,BAHIA BLANCA,BAHIA BLANCA,BA,6,28
B07786,UNIDAD SANITARIA B EL PROGRESO,CARMEN DE PATAGONES,PATAGONES,BA,18,357
B07787,SERVICIO PERIFERICO B LINDO- FRANCISCO ARENAS,CARMEN DE PATAGONES,PATAGONES,BA,12,275
B07788,HOSPITAL LOCAL MUNICIPAL STROEDER,CARMEN DE PATAGONES,PATAGONES,BA,30,500
B07789,HOSPITAL MUNICIPAL DE AGUDOS DR. PEDRO ECAY,CARMEN DE PATAGONES,PATAGONES,BA,264,3489
B07792,CAPS VILLA MORANDO,CARMEN DE PATAGONES,PATAGONES,BA,6,495
B07794,HOSPITAL DE VILLA LONGA,CARMEN DE PATAGONES,PATAGONES,BA,36,117
B07795,HOSPITAL LOCAL GENERAL MARIA EVA DUARTE DE PERON,CORONEL DORREGO,CORONEL DORREGO,BA,126,146
B07801,UNIDAD SANITARIA DE ORIENTE,ORIENTE,CORONEL DORREGO,BA,6,186
B07802,HOSPITAL MUNICIPAL DR. MANUEL CABRERA,CORONEL PRINGLES (EST. PRINGLES),CORONEL PRINGLES,BA,156,270
B07809,UNIDAD SANITARIA INDIO RICO M. R. DESIO,CORONEL PRINGLES (EST. PRINGLES),CORONEL PRINGLES,BA,6,139
B07810,HOSPITAL LOCAL GRAL. EVA PERON,PUNTA ALTA (EST. ALMIRANTE SOLIER),CORONEL DE MARINA L. ROSALES,BA,294,2070
B07813,UNIDAD SANITARIA VILLA DEL MAR,VILLA DEL MAR,CORONEL DE MARINA L. ROSALES,BA,6,9
B07817,UNIDAD SANITARIA N 03 LUIGGI Y ATEPAM,BAJO HONDO,CORONEL DE MARINA L. ROSALES,BA,6,33
B07821,HOSPITAL LOCAL MUNICIPAL HUANGUELEN,CORONEL SUAREZ,CORONEL SUAREZ,BA,24,543
B07827,HOSPITAL LOCAL GENERAL ANITA ELICAGARAY,ADOLFO GONZALES CHAVES (EST. CHAVES),ADOLFO GONZALES CHAVES,BA,108,100
B07831,HOSPITAL MUNICIPAL DR. JOAQUIN LLAMBIAS (GUAMINI),GUAMINI,GUAMINI,BA,30,574
B07841,HOSPITAL LOCAL MUNICIPAL GOBERNADOR UGARTE,PUAN,PUAN,BA,36,90
B07849,HOSPITAL Y MATERNIDAD MUNICIPAL DE PIGÜÉ DR ADOLFO DUCÓS,PIGUE,SAAVEDRA,BA,120,122
B07865,UNIDAD SANITARIA MUNICIPAL,TRES ARROYOS,TRES ARROYOS,BA,12,93
B07866,UNIDAD SANITARIA RANCHOS,TRES ARROYOS,TRES ARROYOS,BA,12,544
B07867,UNIDAD SANITARIA RUTA 3 SUR,TRES ARROYOS,TRES ARROYOS,BA,6,367
B07869,UNIDAD SANITARIA VILLA ITALIA,TRES ARROYOS,TRES ARROYOS,BA,12,185
B07870,UNIDAD SANITARIA 25 DE MAYO,TRES ARROYOS,TRES ARROYOS,BA,6,591
B07881,HOSPITAL LOCAL GENERAL JUANA PRADERE (PEDRO LURO),PEDRO LURO,VILLARINO,BA,30,776
B07883,HOSPITAL JUAN BAUTISTA SARTORI MAYOR BURATOVICH,MAYOR BURATOVICH,VILLARINO,BA,30,373
B07889,HOSPITAL MUNICIPAL J. F. RAMOS,CARLOS CASARES,CARLOS CASARES,BA,246,991
B07891,UNIDAD SANITARIA BELLOCQ,BELLOCQ,CARLOS CASARES,BA,6,122
B07899,UNIDAD SANITARIA SMITH,SMITH,CARLOS CASARES,BA,6,70
B07903,HOSPITAL SUBZONAL MUNICIPAL NUESTRA SENORA DEL CARMEN,CHACABUCO,CHACABUCO,BA,186,159
B07906,HOSPITAL LOCAL MUNICIPAL DR. FELIPE PELAEZ,FLORENTINO AMEGHINO,FLORENTINO AMEGHINO,BA,66,340
B07907,HOSPITAL MUNICIPAL DR. PEDRO MARIO ROMANAZZI,DAIREAUX,DAIREAUX,BA,60,193
B07910,UNIDAD SANITARIA DR. S. A. CARLE,DAIREAUX,DAIREAUX,BA,24,199
B07918,HOSPITAL SUBZONAL GRAL. MUNICIPAL DE GRAL VILLEGAS,GENERAL VILLEGAS (EST. VILLEGAS),GENERAL VILLEGAS,BA,72,526
B07921,HOSPITAL DR. SAVERIO GALVAGNI,HENDERSON,HIPOLITO YRIGOYEN,BA,18,573
B07922,UNIDAD SANITARIA EVA PERON - H. YRIGOYEN,HENDERSON,HIPOLITO YRIGOYEN,BA,6,74
B07926,SALA ALBERT SABIN,9 DE JULIO,9 DE JULIO,BA,18,241
B07928,HOSPITAL DE VEDIA - NUEVE DE JULIO,PATRICIOS,9 DE JULIO,BA,180,810
B07944,HOSPITAL ZONAL DR. JUAN CARLOS ARAMBURU,PEHUAJO,PEHUAJO,BA,150,853
B07946,CAPS JOSE HERNANDEZ (UNIDAD SANITARIA ESC. N 501),PEHUAJO,PEHUAJO,BA,6,109
B07958,HOSPITAL MUNICIPAL GUILLERMO DEL SOLDATO,PELLEGRINI,PELLEGRINI,BA,78,466
B07964,HOSPITAL LOCAL MUNIC. RIVADAVIA,FORTIN OLAVARRIA,RIVADAVIA,BA,36,69
B07970,HOSPITAL MUNICIPAL SALLIQUELO,SALLIQUELO,SALLIQUELO,BA,30,230
B07971,SALA DE PRIMEROS AUXILIOS NTRA. DE FATIMA,SALLIQUELO,SALLIQUELO,BA,6,84
B07973,SALA DE PRIMEROS AUXILIOS SOR TERESA DE CALCUTA,SALLIQUELO,SALLIQUELO,BA,24,66
B07974,HOSPITAL MUNICIPAL DR. PEDRO ORELLANA,TRENQUE LAUQUEN,TRENQUE LAUQUEN,BA,120,104
B07976,HOSPITAL DR EGUIGUREN (US 30 DE AGOSTO),30 DE AGOSTO,TRENQUE LAUQUEN,BA,84,385
B07977,CENTRO DE SALUD COMUNITARIO AMEGHINO (EX NOROESTE),TRENQUE LAUQUEN,TRENQUE LAUQUEN,BA,6,581
B07982,HOSPITAL MUNICIPAL DR. DOMINGO GIROTTI,TRES LOMAS,TRES LOMAS,BA,54,231
B07983,UNIDAD SANITARIA DR. RUBEN V. PALO,TRES LOMAS,TRES LOMAS,BA,12,115
B07993,HOSPITAL SUBZONAL GRAL. VIAMONTE (EUGENIO VARGAS),BAIGORRITA,GENERAL VIAMONTE,BA,30,660
B08003,HOSPITAL ABRAHAM PIÑEYRO,JUNIN,JUNIN,BA,162,241
B08008,UNIDAD SANITARIA LEANDRO N. ALEM,LEANDRO N. ALEM,LEANDRO N. ALEM,BA,12,214
B08010,HOSPITAL SUBZONAL DR. RUBEN MIRAVALLE,LINCOLN,LINCOLN,BA,72,141
B08011,UNIDAD SANITARIA BARRIO LA RURAL,LINCOLN,LINCOLN,BA,6,28
B08012,CIC SAN JOSE,LINCOLN,LINCOLN,BA,6,191
B08018,UNIDAD SANITARIA MARTINEZ DE HOZ,CORONEL MARTINEZ DE HOZ (AP. KILOMETRO 322),LINCOLN,BA,6,39
B08019,UNIDAD SANITARIA PASTEUR,PASTEUR,LINCOLN,BA,6,20
B08020,UNIDAD SANITARIA ROBERTS,ROBERTS,LINCOLN,BA,36,172
B08021,HOSPITAL SUBZONAL GRAL. MUNICIPAL DR. LINO PINEIRO,BARADERO,BARADERO,BA,186,132
B08025,UNIDAD SANITARIA DR FEDERICO LELOIR,BARADERO,BARADERO,BA,18,497
B08026,CIC (BARADERO),BARADERO,BARADERO,BA,30,753
B08032,HOSPITAL MUNICIPAL SANTA FRANCISCA ROMANA,ARRECIFES,ARRECIFES,BA,288,2610
B08037,UNIDAD SANITARIA ESPINEL BAVIO (LA CUMPARSITA),CAPITAN SARMIENTO,CAPITAN SARMIENTO,BA,30,39
B08041,CAPS BARRIO MARIN,JOSE JUAN ALMEYRA,NAVARRO,BA,6,109
B08042,CAPS DR. NORBERTO CERVI,CARMEN DE ARECO,CARMEN DE ARECO,BA,12,153
B08043,HOSPITAL NUESTRA SENORA DEL CARMEN,CARMEN DE ARECO,CARMEN DE ARECO,BA,204,107
B08045,UNIDAD SANITARIA BO. RIVADAVIA - COLON,COLON,COLON,BA,30,11
B08047,HOSPITAL MUNICIPAL DE COLON,COLON,COLON,BA,36,869
B08048,UNIDAD SANITARIA BARRIO BARRACAS,COLON,COLON,BA,18,234
B08049,UNIDAD SANITARIA BO. NUEVE DE JULIO - COLON,COLON,COLON,BA,114,11
B08053,CENTRO DE ATENCION PRIMARIA S. MAZA,PERGAMINO,PERGAMINO,BA,24,696
B08055,CENTRO DE ATENCION PRIMARIA BARRIO ACEVEDO,ACEVEDO,PERGAMINO,BA,6,91
B08057,CENTRO DE ATENCION PRIMARIA Bº OTERO,PERGAMINO,PERGAMINO,BA,6,335
B08058,CENTRO DE ATENCION PRIMARIA 2 DE ABRIL,PERGAMINO,PERGAMINO,BA,42,191
B08066,CENTRO DE ATENCION PRIMARIA URQUIZA,PERGAMINO,PERGAMINO,BA,6,76
B08069,HOSPITAL INTERZONAL GENERAL DE AGUDOS SAN JOSE,PERGAMINO,PERGAMINO,BA,276,5084
B08073,HOSPITAL DESCENTRALIZADO J.MARIA GOMENDIO,RAMALLO,RAMALLO,BA,108,97
B08077,HOSPITAL SUBZONAL GRAL. SATURNINO UNZUE M,ROJAS,ROJAS,BA,78,133
B08083,CENTRO DE SALUD BARRIO TROCHA,SALTO,SALTO,BA,18,98
B08084,"""HOSPITAL MUNICIPAL DE SALTO """"PRESIDENTE JUAN D. PERON""""""",SALTO,SALTO,BA,96,123
B08089,SALA DE PRIMEROS AUXILIOS INES INDART,INES INDART,SALTO,BA,12,25
B08090,HOSPITAL MUNICIPAL SAN ANDRES,SAN ANDRES DE GILES,SAN ANDRES DE GILES,BA,48,778
B08096,SALA DE PRIMEROS AUXILIOS MONTE DE NOVI,SAN ANDRES DE GILES,SAN ANDRES DE GILES,BA,18,168
B08098,SALA DE PRIMEROS AUXILIOS CUCULLU - SANTA TERESITA,SAN ANDRES DE GILES,SAN ANDRES DE GILES,BA,6,45
B08100,HOSPITAL MUNICIPAL EMILIO ZERBONI,SAN ANTONIO DE ARECO,SAN ANTONIO DE ARECO,BA,6,136
B08103,UNIDAD SANITARIA VILLA LIA,VILLA LIA,SAN ANTONIO DE ARECO,BA,6,270
B08118,HOSPITAL INTERZONAL GENERAL DE AGUDOS SAN FELIPE,SAN NICOLAS DE LOS ARROYOS,SAN NICOLAS,BA,498,1227
B08121,CAPS LOS AROMOS,SAN PEDRO,SAN PEDRO,BA,6,454
B08123,CAPS CASTRO,GOBERNADOR CASTRO,SAN PEDRO,BA,18,419
B08125,HOSPITAL LOCAL SANTA LUCIA,SANTA LUCIA,SAN PEDRO,BA,30,625
B08126,HOSPITAL DR EMILIO RUFFA,SAN PEDRO,SAN PEDRO,BA,120,266
B08131,UNIDAD SANITARIA N 16 SAN JACINTO,CAMPANA,CAMPANA,BA,36,150
B08133,UNIDAD SANITARIA N 18 SIDERCA,CAMPANA,CAMPANA,BA,6,79
B08135,UNIDAD SANITARIA N 08 BLONDEAU,CAMPANA,CAMPANA,BA,6,36
B08138,HOSPITAL SAN JOSÉ - CAMPANA,CAMPANA,CAMPANA,BA,18,243
B08159,HOSPITAL MUNICIPAL SAN JOSE,CAPILLA DEL SENOR (EST. CAPILLA),EXALTACIÓN DE LA CRUZ,BA,162,229
B08166,HOSPITAL LOCAL DR. ENRIQUE MARENGO,GENERAL SAN MARTÍN,GENERAL SAN MARTÍN,BA,114,289
B08167,HOSPITAL MUNICIPAL D. THOMPSON,GENERAL SAN MARTÍN,GENERAL SAN MARTÍN,BA,390,4139
B08173,HOSPITAL ZONAL GENERAL DE AGUDOS GENERAL MANUEL BELGRANO,GENERAL SAN MARTÍN,GENERAL SAN MARTÍN,BA,126,187
B08184,CENTRO ASISTENCIAL LOS ANGELES,MALVINAS ARGENTINAS,MALVINAS ARGENTINAS,BA,12,758
B08186,DELEGACION VILLA DE MAYO,MALVINAS ARGENTINAS,MALVINAS ARGENTINAS,BA,18,594
B08187,C. A. P. S. L. GRAL. SAN MARTIN (UNIDAD SANITARIA SAN JOSE),MORENO,MORENO,BA,84,666
B08191,UNIDAD SANITARIA LOS PARAISOS,MORENO,MORENO,BA,78,864
B08193,UNIDAD SANITARIA PAVON - 4 VIENTOS-,MORENO,MORENO,BA,60,101
B08203,UNIDAD SANITARIA LA LOMITA,PILAR,PILAR,BA,12,222
B08205,SALA DE PRIMEROS AUXILIOS NTRA SRA DE FATIMA,PILAR,PILAR,BA,6,174
B08206,UNIDAD SANITARIA RIO LUJAN,PILAR,PILAR,BA,24,557
B08208,CENTRO ASISTENCIAL ABSALON ROJAS,SAN FERNANDO,SAN FERNANDO,BA,6,100
B08212,HOSPITAL RENE FAVALORO (EX CANAL 4),SAN FERNANDO,SAN FERNANDO,BA,6,152
B08216,HOSPITAL PETRONA V DE CORDERO,SAN FERNANDO,SAN FERNANDO,BA,138,117
B08229,HOSPITAL CIUDAD DE BOULOGNE,SAN ISIDRO,SAN ISIDRO,BA,126,258
B08236,CENTRO MATERNO INFANTIL N° 1 BELLA VISTA,SAN MIGUEL,SAN MIGUEL,BA,48,898
B08240,CENTRO DE SALUD VILLA CARUPA,TIGRE,TIGRE,BA,36,153
B08247,UNIDAD SANITARIA CARAPACHAY,TIGRE,TIGRE,BA,42,824
B08248,HOSPITAL MAGDALENA V DE MARTINEZ,TIGRE,TIGRE,BA,114,265
B08252,INSTITUTO MATERNIDAD SANTA ROSA,VICENTE LOPEZ,VICENTE LOPEZ,BA,828,2739
B08261,UNIDAD DE ATENCION PRIMARIA SARGENTO CABRAL,VICENTE LOPEZ,VICENTE LOPEZ,BA,12,508
B08264,SALA VILLA EUGENIA (BARRIO BOSCH),ZARATE,ZÁRATE,BA,72,488
B08269,SALA DE PRIMEROS AUXILIOS MALVICINO (SAN LUIS),ZARATE,ZÁRATE,BA,24,450
B08283,SALA MARIANO MORENO - LOS FRESNOS,ZARATE,ZÁRATE,BA,6,613
B08286,SALA PEDRO MARINA - V. ANGUS,ZARATE,ZÁRATE,BA,42,97
B08290,HOSPITAL VIRGEN DEL CARMEN,ZARATE,ZÁRATE,BA,24,839
B08298,CENTRO ATENCION PRIMARIA DE ITUZAINGO,ITUZAINGO,ITUZAINGÓ,BA,138,264
B08305,UNIDAD SANITARIA VA. ANGELA,ITUZAINGO,ITUZAINGÓ,BA,18,261
B08307,UNIDAD SANITARIA VILLA DE LAS NACIONES,ITUZAINGO,ITUZAINGÓ,BA,6,287
B08326,HOSPITAL DR. DIEGO PAROISSIEN,LA MATANZA,LA MATANZA,BA,162,138
B08327,HOSPITAL LOCAL MATERNO-INFANTIL DRA. GERMANI,LA MATANZA,LA MATANZA,BA,264,4807
B08328,HOSPITAL MATENRO INFANTIL DR. EQUIZA,LA MATANZA,LA MATANZA,BA,534,3997
B08329,UNIDAD SANITARIA JUAN MANUEL DE ROSAS,LA MATANZA,LA MATANZA,BA,42,137
B08340,UNIDAD SANITARIA LAS CASITAS,LA MATANZA,LA MATANZA,BA,6,163
B08342,POLICLINICO CENTRAL SAN JUSTO,LA MATANZA,LA MATANZA,BA,252,8770
B08347,UNIDAD SANITARIA JOSE HERNANDEZ - VILLA CELINA - LA MATANZA,LA MATANZA,LA MATANZA,BA,18,136
B08351,CENTRO DE SALUD DGO. ROCA N° 2 DE ORO VERDE,LA MATANZA,LA MATANZA,BA,120,563
B08352,CENTRO DE SALUD DR. EISAGUIRRE - VILLA CELINA,LA MATANZA,LA MATANZA,BA,36,320
B08355,UNIDAD SANITARIA EL TAMBO,LA MATANZA,LA MATANZA,BA,42,169
B08356,CENTRO DE SALUD IGNACIO EZCURRA,LA MATANZA,LA MATANZA,BA,144,434
B08358,UNIDAD SANITARIA N 8 VILLA RECONDO,LA MATANZA,LA MATANZA,BA,54,257
B08363,UNIDAD SANITARIA PUERTO ARGENTINO,LA MATANZA,LA MATANZA,BA,48,171
B08364,CENTRO DE SALUD RAMON CARRILLO - CIUDAD EVITA,LA MATANZA,LA MATANZA,BA,24,191
B08366,UNIDAD SANITARIA SAN CARLOS - LA MATANZA,LA MATANZA,LA MATANZA,BA,78,401
B08440,HOSPITAL NACIONAL PROFESOR ALEJANDRO POSADAS,MORON,MORON,BA,138,937
B08444,CENTRO MATERNO INFANTIL N 01,TRES DE FEBRERO,TRES DE FEBRERO,BA,60,94
B08445,CENTRO MATERNO INFANTIL N 03,TRES DE FEBRERO,TRES DE FEBRERO,BA,12,388
B08446,CENTRO MATERNO INFANTIL N 02,TRES DE FEBRERO,TRES DE FEBRERO,BA,276,1130
B08453,HOSPITAL ZONAL GENERAL DE AGUDOS DR. C. A. BOCALANDRO,TRES DE FEBRERO,TRES DE FEBRERO,BA,186,265
B08454,HOSPITAL ZONAL GENERAL DE AGUDOS PROF. DR. CARRILLO,TRES DE FEBRERO,TRES DE FEBRERO,BA,66,131
B08455,HOSPITAL LOCAL DR. PEDRO AROZARENA,GENERAL LAS HERAS (EST. LAS HERAS),GENERAL LAS HERAS,BA,132,235
B08458,UNIDAD DE ATENCION PRIMARIA N 08 AGUA DE ORO,GENERAL RODRIGUEZ,GENERAL RODRIGUEZ,BA,120,363
B08459,UNIDAD DE ATENCION PRIMARIA N 09 PARQUE RIVADAVIA,GENERAL RODRIGUEZ,GENERAL RODRIGUEZ,BA,36,295
B08460,UNIDAD DE ATENCION PRIMARIA N 10 VISTA LINDA,GENERAL RODRIGUEZ,GENERAL RODRIGUEZ,BA,60,181
B08461,UNIDAD DE ATENCION PRIMARIA Nº 11 MARABO,COUNTRY CLUB BOSQUE REAL - BARRIO MORABO,GENERAL RODRIGUEZ,BA,36,234
B08462,UNIDAD DE ATENCION PRIMARIA N 12 LOS AROMOS,GENERAL RODRIGUEZ,GENERAL RODRIGUEZ,BA,60,300
B08463,UNIDAD DE ATENCION PRIMARIA N 13 ALTOS DEL OESTE,GENERAL RODRIGUEZ,GENERAL RODRIGUEZ,BA,12,243
B08464,UNIDAD DE ATENCION PRIMARIA N 14 ALMAFUERTE,GENERAL RODRIGUEZ,GENERAL RODRIGUEZ,BA,36,197
B08468,CAPS LANUSSE,LUJAN,LUJAN,BA,72,197
B08470,CAPS LA LOMA,LUJAN,LUJAN,BA,24,99
B08473,CAPS SAN CAYETANO,LUJAN,LUJAN,BA,12,15
B08474,CAPS TORRES,TORRES,LUJAN,BA,12,67
B08479,HOSPITAL MUNICIPAL NUESTRA SENORA DE LUJAN,LUJAN,LUJAN,BA,60,210
B08482,CAPS PADRE VERELA,LUJAN,LUJAN,BA,84,142
B08484,CAPS SAN BERNARDO,LUJAN,LUJAN,BA,6,53
B08486,HOSPITAL DR. HECTOR J. D`AGNILO,MARCOS PAZ,MARCOS PAZ,BA,252,3695
B08487,UNIDAD SANITARIA EVA PERON,MARCOS PAZ,MARCOS PAZ,BA,24,533
B08494,UNIDAD SANITARIA N 35 LAGO DEL BOSQUE,MERLO,MERLO,BA,24,271
B08495,UNIDAD SANITARIA N 31 LOS VASCOS,MERLO,MERLO,BA,30,443
B08497,UNIDAD SANITARIA N 5 VILLA MAGDALENA,MERLO,MERLO,BA,54,681
B08498,UNIDAD SANITARIA N 6 POMPEYA,MERLO,MERLO,BA,138,326
B08500,UNIDAD SANITARIA Nº 9 ( CIC RIO ALEGRE),MERLO,MERLO,BA,42,326
B08502,UNIDAD SANITARIA Nº 13 RAMON CARRILLO,MERLO,MERLO,BA,120,507
B08504,UNIDAD SANITARIA N 17 B MADRE DEL PUEBLO,MERLO,MERLO,BA,96,169
B08505,UNIDAD SANITARIA N° 18 VIRGEN DE LOURDES,MERLO,MERLO,BA,120,280
B08514,HOSPITAL LOCAL MUNICIPAL DR. PEDRO SOLANET,AYACUCHO,AYACUCHO,BA,36,865
B08521,UNIDAD SANITARIA PUEBLO NUEVO,BALCARCE,BALCARCE,BA,12,363
B08523,UNIDAD SANITARIA SAN MARTIN,BALCARCE,BALCARCE,BA,12,352
B08524,UNIDAD SANITARIA GENERAL BALCARCE,BALCARCE,BALCARCE,BA,18,331
B08526,UNIDAD SANITARIA BO. MARTIN DE GÜEMES,BALCARCE,BALCARCE,BA,6,119
B08533,UNIDAD SANITARIA J. DE DIOS ESTELA,MIRAMAR,GENERAL ALVARADO,BA,6,249
B08537,HOSPITAL SAGRADO CORAZON DE JESUS,GENERAL LAVALLE,GENERAL LAVALLE,BA,48,101
B08539,UNIDAD SANITARIA BARRIO SAN MARTIN - GRAL. MADARIAGA,GENERAL JUAN MADARIAGA,GENERAL JUAN MADARIAGA,BA,108,230
B08540,UNIDAD SANITARIA DE SALUD BO. NORTE - GRAL. MADARIAGA,GENERAL JUAN MADARIAGA,GENERAL JUAN MADARIAGA,BA,12,89
B08541,HOSPITAL MUNICIPAL ANA B. S. DE MARTINEZ,GENERAL JUAN MADARIAGA,GENERAL JUAN MADARIAGA,BA,12,223
B08551,CENTRO DE LACTANTES N 12 GRAL. BELGRANO SUBCENTRO BELGRANO,MAR DEL PLATA,GENERAL PUEYRREDÓN,BA,228,171
B08562,UNIDAD SANITARIA N 10 - PLATANOS,BERAZATEGUI,BERAZATEGUI,BA,60,107
B08568,UNIDAD SANITARIA EL BOQUERON,MAR DEL PLATA,GENERAL PUEYRREDÓN,BA,36,224
B08569,UNIDAD SANITARIA FARO NORTE,MAR DEL PLATA,GENERAL PUEYRREDÓN,BA,60,687
B08573,HOSPITAL MATERNO INFANTIL DR. TETAMANTI,MAR DEL PLATA,GENERAL PUEYRREDÓN,BA,36,320
B08575,HOSPITAL MUNICIPAL MAR DE AJO,MAR DE AJO - SAN BERNARDO,LA COSTA,BA,18,636
B08581,UNIDAD SANITARIA LAS QUINTAS _ SANTA TERESITA,SANTA TERESITA - MAR DEL TUYU,LA COSTA,BA,6,29
B08586,CENTRO PERIFERICO BARRIO UNION,MAIPU,MAIPU,BA,30,250
B08588,HOSPITAL SUBZONAL MUNICIPAL DE MAIPU,MAIPU,MAIPU,BA,42,788
B08595,UNIDAD SANITARIA GRAL PIRAN - DR LUIS SAGASTA,GENERAL PIRAN,MAR CHIQUITA,BA,6,112
B08596,CENTRO PERIFERICO BO. NORTE,NECOCHEA - QUEQUEN,NECOCHEA,BA,12,510
B08597,CENTRO PERIFERICO J. B. FLORES (OESTE),NECOCHEA - QUEQUEN,NECOCHEA,BA,12,255
B08599,CENTRO PERIFERICO SEIS ESQUINAS,NECOCHEA - QUEQUEN,NECOCHEA,BA,12,317
B08600,HOSPITAL MUNICIPAL DR. E. FERREYRA,NECOCHEA - QUEQUEN,NECOCHEA,BA,294,1689
B08601,HOSPITAL MUNICIPAL DR NESTOR CATTONI,JUAN N. FERNANDEZ,NECOCHEA,BA,12,102
B08602,HOSPITAL SUBZONAL GRAL. JOSE IRURZUM,NECOCHEA - QUEQUEN,NECOCHEA,BA,54,817
B08611,HOSPITAL COMUNITARIO DE PINAMAR,PINAMAR,PINAMAR,BA,120,822
B08612,SALA DE PRIMEROS AUXILIOS OSTENDE,PINAMAR,PINAMAR,BA,114,185
B08613,HOSPITAL MUNICIPAL MENDITEGUY (SAN CAYETANO),SAN CAYETANO,SAN CAYETANO,BA,36,113
B08614,UNIDAD SANITARIA GRAL. BELGRANO - TANDIL,TANDIL,TANDIL,BA,12,314
B08615,UNIDAD SANITARIA N 01 LAS TUNITAS,TANDIL,TANDIL,BA,42,616
B08616,CAPS E. OLIVERO - LA MOVEDIZA,TANDIL,TANDIL,BA,36,817
B08617,UNIDAD SANITARIA SAN CAYETANO - TANDIL,TANDIL,TANDIL,BA,24,507
B08618,UNIDAD SANITARIA BO. METALURGICO,TANDIL,TANDIL,BA,18,167
B08619,CAPS HOSPITAL RODRIGUEZ LARRETA (CAPS VELA),TANDIL,TANDIL,BA,18,119
B08620,HOSPITAL MUNICIPAL RAMON SANTAMARINA,TANDIL,TANDIL,BA,132,334
B08622,SALA RURAL AZUCENA,TANDIL,TANDIL,BA,6,16
B08629,HOSPITAL MUNICIPAL ARTURO ILLIA,VILLA GESELL,VILLA GESELL,BA,150,455
B08635,UNIDAD SANITARIA N 03 TERESA DE CALCUTA,AZUL,AZUL,BA,60,447
B08637,HOSPITAL ZONAL ESPECIALIZADO MATERNO INFANTIL ARGENTINA DIEGO,AZUL,AZUL,BA,372,1385
B08638,HOSPITAL LOCAL GRAL. DR. ALFREDO SAINTOUT,BENITO JUAREZ (EST. JUAREZ),BENITO JUAREZ,BA,84,118
B08639,CAPS JUAN BAEZ,BENITO JUAREZ (EST. JUAREZ),BENITO JUAREZ,BA,12,140
B08640,CAPS DR. RAMON CARRILLO,BENITO JUAREZ (EST. JUAREZ),BENITO JUAREZ,BA,30,347
B08644,UNIDAD SANITARIA DR. ZACCARDI,SAN CARLOS DE BOLIVAR (EST. BOLIVAR),BOLIVAR,BA,12,109
B08648,HOSPITAL MUNICIPAL JUANA G DE MIGUENS,SAN CARLOS DE BOLIVAR (EST. BOLIVAR),BOLIVAR,BA,12,48
B08650,HOSPITAL SUBZONAL GENERAL MIGUEL CAPREDONI,SAN CARLOS DE BOLIVAR (EST. BOLIVAR),BOLIVAR,BA,12,159
B08661,HOSPITAL LOCAL DE GENERAL LAMADRID DR EMILIO ETCHEGARAY,GENERAL LA MADRID,GENERAL LA MADRID,BA,90,712
B08668,HOSPITAL DR. PEDRO S SANCHOLUZ,LAPRIDA,LAPRIDA,BA,84,417
B08672,HOSPITAL ZONAL GRAL. DE LAS FLORES,LAS FLORES,LAS FLORES,BA,36,92
B08674,HOSPITAL MUNICIPAL DR HECTOR M. CURA (EX CORONEL OLAVARRIA),OLAVARRIA,OLAVARRÍA,BA,402,6336
B08678,UNIDAD SANITARIA N 20 AOMA,OLAVARRIA,OLAVARRÍA,BA,6,60
B08679,UNIDAD SANITARIA N 04 SIERRA CHICA,SIERRA CHICA,OLAVARRÍA,BA,18,230
B08680,UNIDAD SANITARIA N 06 12 DE OCTUBRE - OLAVARRIA,OLAVARRIA,OLAVARRÍA,BA,18,291
B08685,UNIDAD SANITARIA N 03 HECTOR AMOROSO,OLAVARRIA,OLAVARRÍA,BA,12,113
B08689,HOSPITAL MUNICIPAL DR. EUSTAQUIO VELEZ,RAUCH,RAUCH,BA,126,258
B08693,HOSPITAL LOCAL MUNICIPAL DE TAPALQUE,TAPALQUE,TAPALQUE,BA,30,106
B08696,UNIDAD SANITARIA 25 DE MAYO,BRAGADO,BRAGADO,BA,6,65
B08697,HOSPITAL MUNICIPAL SAN LUIS,BRAGADO,BRAGADO,BA,96,240
B08702,UNIDAD SANITARIA LAS VIOLETAS,BRAGADO,BRAGADO,BA,30,124
B08703,UNIDAD SANITARIA SANTA MARTA,BRAGADO,BRAGADO,BA,6,117
B08705,UNIDAD SANITARIA BO. FATIMA,BRAGADO,BRAGADO,BA,12,361
B08711,UNIDAD SANITARIA BARRIO SAN JOSE,CHIVILCOY,CHIVILCOY,BA,6,656
B08712,CAPS DR. DANIEL PASTORINO,CHIVILCOY,CHIVILCOY,BA,18,419
B08718,UNIDAD SANITARIA NUEVA AURORA,CHIVILCOY,CHIVILCOY,BA,12,516
B08719,HOSPITAL MUNICIPAL DE CHIVILCOY,CHIVILCOY,CHIVILCOY,BA,114,248
B08734,HOSPITALZONAL ESPECIALIZADO GENERAL DE AGUODS DE LOBOS,LOBOS,LOBOS,BA,204,244
B08735,UNIDAD SANITARIA LUIS AGOTE,MERCEDES,MERCEDES,BA,30,190
B08736,SALA GUEMES,MERCEDES,MERCEDES,BA,18,229
B08738,HOSPITAL ZONAL GENERAL DE AGUDOS BLAS DUBARRY,MERCEDES,MERCEDES,BA,150,475
B08739,HOSPITAL LOCAL GRAL. SAN ANTONIO DE PADUA,NAVARRO,NAVARRO,BA,42,533
B08742,HOSPITAL MUNICIPAL RAMON CARRILLO,ROQUE PEREZ,ROQUE PEREZ,BA,6,244
B08746,CENTRO DE ATENCION PRIMARIA DE LA SALUD 31 DE JULIO,SALADILLO,SALADILLO,BA,12,164
B08751,CENTRO DE ATENCION PRIMARIA DE LA SALUD HIPOLITO TEVEZ SAAVEDRA,SALADILLO,SALADILLO,BA,30,244
B08754,HOSPITAL ZONAL GENERAL DR. ALEJANDRO POSADAS,SALADILLO,SALADILLO,BA,12,189
B08762,HOSPITAL SUBZONAL SATURNINO UNZUE,25 DE MAYO,25 DE MAYO,BA,6,181
B08770,HOSPITAL MUNICIPAL NUESTRA SEÑORA DE LA MERCED,ALBERTI (EST. ANDRES VACCAREZZA),ALBERTI,BA,24,471
B08776,UNIDAD SANTARIA LA MECHITA,ALBERTI (EST. ANDRES VACCAREZZA),ALBERTI,BA,6,112
B08778,DISPENSARIO MUNICIPAL EX EDIFICIO TETAMANTI,BERISSO,BERISSO,BA,18,118
B08781,HOSPITAL ZONAL GENERAL DE AGUDO DR LARRAIN,BERISSO,BERISSO,BA,18,166
B08790,HOSPITAL LOCAL RAMON CARRILLO - CASTELLI,CASTELLI,CASTELLI,BA,60,461
B08793,CIC BARRIO JARDIN,CHASCOMUS,CHASCOMUS,BA,6,214
B08796,HOSPITAL SAN VICENTE DE PAUL,CHASCOMUS,CHASCOMUS,BA,180,219
B08797,HOSPITAL MUNICIPAL DR. FRANCISCO CARAM,CORONEL BRANDSEN,BRANDSEN,BA,54,168
B08801,UNIDAD SANITARIA LA DOLLY,CORONEL BRANDSEN,BRANDSEN,BA,30,370
B08802,UNIDAD SANITARIA SAMBOROMBON,CORONEL BRANDSEN,BRANDSEN,BA,6,26
B08815,HOSPITAL ZONAL GENERAL DE AGUDOS DR. HORACIO CESTINO,ENSENADA,ENSENADA,BA,216,212
B08817,HOSPITAL MUNICIPAL JUAN DE LA FUENTE,GENERAL BELGRANO,GENERAL BELGRANO,BA,24,267
B08821,HOSPITAL MUNICIPAL CAMPOMAR,RANCHOS,GENERAL PAZ,BA,84,493
B08831,HOSPITAL ZONAL GENERAL DE AGUDOS DR. RICARDO GUTIERREZ,LA PLATA,LA PLATA,BA,222,579
B08833,HOSPITAL INTERZONAL GENERAL DE AGUDOS GENERAL JOSE DE SAN MARTIN,LA PLATA,LA PLATA,BA,132,602
B08849,HOSPITAL C. GRIERSON,PRESIDENTE PERON,PRESIDENTE PERON,BA,150,190
B08851,HOSPITAL MUNICIPAL DR. GUILLERMO HERNANDEZ,PUNTA INDIO,PUNTA INDIO,BA,48,154
B08855,HOSPITAL ZENON VIDELA DORNA,SAN MIGUEL DEL MONTE (EST. MONTE),MONTE,BA,90,475
B08856,HOSPITAL MUNICIPAL ISMAEL FERRARI,GENERAL CONESA,TORDILLO,BA,6,158
B08859,HOSPITAL SUBZONAL GRAL. DR. R. CARRILLO - SAN VICENTE,SAN VICENTE,SAN VICENTE,BA,72,242
B08860,CONSULTORIO DE PEDIATRIA DEL BARRIO PESOA,SAN VICENTE,SAN VICENTE,BA,36,416
B08861,CONSULTORIO DE PEDIATRIA DE ALEJANDRO KORN,SAN VICENTE,SAN VICENTE,BA,138,583
B08866,UNIDAD SANITARIA N 4 SAN JOSE,ALMIRANTE BROWN,ALMIRANTE BROWN,BA,174,210
B08867,HOSPITAL ZONAL GENERAL DE AGUDOS DR. ARTURO ONATIVIA,ALMIRANTE BROWN,ALMIRANTE BROWN,BA,126,209
B08868,HOSPITAL ZONAL GENERAL DE AGUDOS DR LUCIO MELENDEZ,ALMIRANTE BROWN,ALMIRANTE BROWN,BA,42,250
B08870,UNIDAD SANITARIA CASELLA PINERO,AVELLANEDA,AVELLANEDA,BA,48,101
B08886,UNIDAD SANITARIA Nº 15 - MENTAL INFANTO JUVENIL,AVELLANEDA,AVELLANEDA,BA,18,625
B08890,HOSPITAL MATERNO INFANTIL ANA GOITIA,AVELLANEDA,AVELLANEDA,BA,570,1099
B08891,HOSPITAL INTERZONAL GENERAL DE AGUDOS DR. PEDRO FIORITO,AVELLANEDA,AVELLANEDA,BA,192,236
B08892,HOSPITAL INTERZONAL GENERAL DE AGUDOS PRESIDENTE PERON,AVELLANEDA,AVELLANEDA,BA,348,5810
B08901,HOSPITAL ZONAL GENERAL DE AGUDOS DESCENTRALIZADO EVITA PUEBLO,BERAZATEGUI,BERAZATEGUI,BA,30,621
B08906,UNIDAD SANITARIA N 03 - GUTIERREZ,BERAZATEGUI,BERAZATEGUI,BA,54,268
B08908,UNIDAD SANITARIA N 22 - SANTA RITA,BERAZATEGUI,BERAZATEGUI,BA,84,97
B08909,UNIDAD SANITARIA Nº 31 - SAN PEDRO,BERAZATEGUI,BERAZATEGUI,BA,12,546
B08910,UNIDAD SANITARIA N 32 - ASUNCION,BERAZATEGUI,BERAZATEGUI,BA,12,676
B08911,UNIDAD SANITARIA N 33 - 3 DE JUNIO,BERAZATEGUI,BERAZATEGUI,BA,42,617
B08925,UNIDAD SANITARIA Nº 29 - 1º DE MAYO,LANUS,LANUS,BA,30,154
B08943,HOSPITAL DE NIÑOS LUIS A. MASPERO,LANUS,LANUS,BA,108,382
B08945,UNIDAD SANITARIA GENERAL. SAN MARTIN,LANUS,LANUS,BA,18,199
B08949,HOSPITAL LOCAL GENERAL DE AGUDOS DR. ARTURO MELO,LANUS,LANUS,BA,72,190
B08950,HOSPITAL INTERZONAL GENERAL DE AGUDOS EVITA,LANUS,LANUS,BA,36,124
B08951,HOSPITAL ZONAL GENERAL DE AGUDOS DR NARCISO LOPEZ,LANUS,LANUS,BA,300,3635
B08952,HOSPITAL LOCAL MUNICIPAL MATERNO INFANTIL DR. OSCAR ALENDE,LOMAS DE ZAMORA,LOMAS DE ZAMORA,BA,582,7610
B08958,CENTRO DE SALUD 25 DE MAYO,LOMAS DE ZAMORA,LOMAS DE ZAMORA,BA,36,161
B08963,HOSPITAL LUISA C. DE GANDULFO,LOMAS DE ZAMORA,LOMAS DE ZAMORA,BA,228,1496
B08984,UNIDAD SANITARIA ISLAS MALVINAS,QUILMES,QUILMES,BA,6,168
B08990,CENTRO VILLA VATTEONE,FLORENCIO VARELA,FLORENCIO VARELA,BA,24,190
B09002,HOSPITAL MUNICIPAL MI PUEBLO - FLORENCIO VARELA,FLORENCIO VARELA,FLORENCIO VARELA,BA,60,865
B09321,UNIDAD SANITARIA BARRIO AGUERO,AVELLANEDA,AVELLANEDA,BA,6,38
B09322,UNIDAD SANITARIA DR. RAUL SALVARREDY,AVELLANEDA,AVELLANEDA,BA,24,461
B09327,UNIDAD SANITARIA RAMON CARRILLO (EX LA LONJA),BERUTTI,TRENQUE LAUQUEN,BA,42,279
B09328,UNIDAD SANITARIA N 11 LA GLORIA,ALMIRANTE BROWN,ALMIRANTE BROWN,BA,138,136
B09329,CENTRO DE SALUD N° 08 (SECRETARIA DE POLITICAS SOCIO EDUCATIVAS),BERAZATEGUI,BERAZATEGUI,BA,6,804
B09331,UNIDAD SANITARIA N 12 - BUSTILLO,BERAZATEGUI,BERAZATEGUI,BA,36,138
B09333,UNIDAD SANITARIA N 19 - CENTENARIO,BERAZATEGUI,BERAZATEGUI,BA,90,118
B09336,HOSPITAL MUNICIPAL SOFIA T. SANTA MARINA,ESTEBAN ECHEVERRIA,ESTEBAN ECHEVERRÍA,BA,336,2247
B09337,MOVIL MUNICIPAL Nº 22,ESTEBAN ECHEVERRIA,ESTEBAN ECHEVERRÍA,BA,12,859
B09339,UNIDAD SANITARIA N 20 ALTOS DE MONTE GRANDE,ESTEBAN ECHEVERRIA,ESTEBAN ECHEVERRÍA,BA,42,240
B09340,UNIDAD SANITARIA N 24 SIGLO XX,ESTEBAN ECHEVERRIA,ESTEBAN ECHEVERRÍA,BA,54,403
B09341,UNIDAD SANITARIA N 25 SAN CARLOS,ESTEBAN ECHEVERRIA,ESTEBAN ECHEVERRÍA,BA,30,491
B09348,BASE VI CENTRO DE ATENCION PRIMARIA DE LA SALUD N° 2153 (BASE 6),EZEIZA,EZEIZA,BA,192,114
B09349,CENTRO DE SALUD BOSQUES NORTE DR. J. BAIGORRI,FLORENCIO VARELA,FLORENCIO VARELA,BA,102,814
B09350,CENTRO DE SALUD CAROLINA II,FLORENCIO VARELA,FLORENCIO VARELA,BA,42,389
B09351,CENTRO DE SALUD EL PARQUE DR. ARTURO ONATIVIA,FLORENCIO VARELA,FLORENCIO VARELA,BA,156,133
B09352,CENTRO DE SALUD LA SIRENA,FLORENCIO VARELA,FLORENCIO VARELA,BA,132,553
B09353,CENTRO DE SALUD PADRE MUGICA,FLORENCIO VARELA,FLORENCIO VARELA,BA,78,435
B09354,CENTRO DE SALUD SAN JORGE SAUL GLOGIER,FLORENCIO VARELA,FLORENCIO VARELA,BA,102,96
B09355,CENTRO DE SALUD VILLA ANGELICA,FLORENCIO VARELA,FLORENCIO VARELA,BA,138,606
B09365,UNIDAD SANITARIA JUAN MANUEL ROSAS,LOMAS DE ZAMORA,LOMAS DE ZAMORA,BA,12,104
B09366,UNIDAD SANITARIA LAVALLOL - LOMAS DE ZAMORA,LOMAS DE ZAMORA,LOMAS DE ZAMORA,BA,42,363
B09367,UNIDAD SANITARIA VILLA GENERAL. SAN MARTIN,LOMAS DE ZAMORA,LOMAS DE ZAMORA,BA,6,114
B09370,UNIDAD SANITARIA LA FLORIDA,QUILMES,QUILMES,BA,6,127
B09390,C. A. P. S. Nº 10 - VILLA ESPERANZA,GENERAL SAN MARTÍN,GENERAL SAN MARTÍN,BA,36,95
B09391,HOSPITAL MUNICIPAL COMODORO HUGO C. MEISNER,PILAR,PILAR,BA,366,2881
B09395,CENTRO DE SALUD 8 DE OCTUBRE,MALVINAS ARGENTINAS,MALVINAS ARGENTINAS,BA,42,653
B09396,UNIDAD FUNCIONAL TORTUGUITAS,MALVINAS ARGENTINAS,MALVINAS ARGENTINAS,BA,102,174
B09771,CEMA CENTRO DE ESPECIALIDADES MEDICAS AMBULATORIAS,MAR DEL PLATA,GENERAL PUEYRREDÓN,BA,144,520
B09884,UNIDAD SANITARIA G. DEL GIUDICE,LA MATANZA,LA MATANZA,BA,12,331
B09885,SALA DE PARADA ROBLES,PARADA ROBLES - PAVON,EXALTACIÓN DE LA CRUZ,BA,24,507
B09887,SALA DE 1º AUX. LA CURVA,BRAGADO,BRAGADO,BA,30,237
B09888,UNIDAD SANITARIA LOS PINOS,CORONEL BRANDSEN,BRANDSEN,BA,66,438
B09893,UNIDAD SANITARIA N 22 HIPOLITO IRIGOYEN,CAMPANA,CAMPANA,BA,6,84
B09894,UNIDAD SANITARIA N 07 LAS FLORES,ESTEBAN ECHEVERRIA,ESTEBAN ECHEVERRÍA,BA,6,213
B09899,CAPS SANTA CLARA DE ASIS,CHACABUCO,CHACABUCO,BA,6,64
B09902,UNIDAD SANITARIA SANTO CRISTO (SEMI PRIVADA),LUJAN,LUJAN,BA,6,52
B09907,CENTRO DE SALUD LOS TRONQUITOS,FLORENCIO VARELA,FLORENCIO VARELA,BA,30,724
B09917,SALA DE PRIMEROS AUXILIOS RIVADAVIA,MORON,MORON,BA,6,405
B09920,UNIDAD SANITARIA POSTA JARDINES I,MORENO,MORENO,BA,30,900
B09923,UNIDAD SANITARIA REJA CENTRO,MORENO,MORENO,BA,12,738
B09925,UNIDAD SANITARIA BARRIO SOLIDARIDAD,LAS FLORES,LAS FLORES,BA,12,214
B09932,SOCIEDAD DE FOMENTO MAGDALENA,MALVINAS ARGENTINAS,MALVINAS ARGENTINAS,BA,12,645
B09936,CENTRO DE SALUD Nº 1,MAR DEL PLATA,GENERAL PUEYRREDÓN,BA,132,391
B09940,UNIDAD SANITARIA N 15 SANTA RITA,ESTEBAN ECHEVERRIA,ESTEBAN ECHEVERRÍA,BA,120,354
B09945,CENTRO DE ATENCION PRIMARIA RAMON CARRILLO,PERGAMINO,PERGAMINO,BA,12,801
B09946,CENTRO DE ATENCION PRIMARIA DRA. SONIA FERNANDEZ,PERGAMINO,PERGAMINO,BA,24,333
B09947,CAPS TOMAS REGGIO,PILAR,PILAR,BA,30,118
B09956,UNIDAD SANITARIA N 16 VILLA MAGDALENA,SIERRAS BAYAS,OLAVARRÍA,BA,6,213
B09959,UNIDAD SANITARIA PALERMO,TANDIL,TANDIL,BA,30,369
B09965,UNIDAD SANITARIA SANTA TERESITA,TRES ARROYOS,TRES ARROYOS,BA,6,209
B09969,SALA DR. R. MARTICH - 25 DE MAYO,ZARATE,ZÁRATE,BA,42,228
B09971,SALA DE PRIMEROS AUXILIOS FONAVI,ZARATE,ZÁRATE,BA,72,572
B10359,HOSPITAL SAN ROQUE (NORBERTO DE LA RIESTRA),NORBERTO DE LA RIESTRA,25 DE MAYO,BA,18,376
B10361,CIC BALDOMERO MORENO,CHASCOMUS,CHASCOMUS,BA,18,126
B10362,CAPS IPORA,CHASCOMUS,CHASCOMUS,BA,6,156
B10363,CIC ROQUE CARRANZA,CHASCOMUS,CHASCOMUS,BA,18,163
B10380,UNIDAD DE ATENCION PRIMARIA Nº 15 PARQUE IRIGOYEN,GENERAL RODRIGUEZ,GENERAL RODRIGUEZ,BA,66,264
B10381,UNIDAD SANITARIA POSTA PARQUE PASO DEL REY,MORENO,MORENO,BA,30,824
B12000,POSTA SANITARIA SAN CARLOS,MORENO,MORENO,BA,42,101
B12002,HOSPITAL SUBZONAL ESPECIALIZADO JOSE INGENIEROS,LA PLATA,LA PLATA,BA,108,652
B12003,UNIDAD DE SALUD LOS ALAMOS,LA MATANZA,LA MATANZA,BA,6,101
B12005,UNIDAD SANITARIA INDEPENDENCIA,LA MATANZA,LA MATANZA,BA,36,189
B12006,UNIDAD DE SALUD SAN JOSE OBRERO,LA MATANZA,LA MATANZA,BA,36,93
B12008,UNIDAD DE SALUD EL TORERO,LA MATANZA,LA MATANZA,BA,90,548
B12009,UNIDAD DE SALUD VILLA GIARDINO,LA MATANZA,LA MATANZA,BA,150,405
B12010,UNIDAD DE SALUD LAFERRERE,LA MATANZA,LA MATANZA,BA,42,377
B12013,UNIDAD SANITARIA SATURNINO SEGUROLA,LA MATANZA,LA MATANZA,BA,48,144
B12014,UNIDAD SANITARIA JUSTOS VILLEGAS,LA MATANZA,LA MATANZA,BA,30,345
B12015,UNIDAD SANITARIA LA TABLADA,LA MATANZA,LA MATANZA,BA,42,875
B12016,CENTRO DE SALUD MUNICIPAL N° 1,ADOLFO GONZALES CHAVES (EST. CHAVES),ADOLFO GONZALES CHAVES,BA,18,179
B12017,UNIDAD SANITARIA N° 35 - 20 DE JUNIO,BERAZATEGUI,BERAZATEGUI,BA,24,550
B12019,HOSPITAL MATERNO INFANTIL DR. CARLOS GIANANTONIO,SAN ISIDRO,SAN ISIDRO,BA,204,219
B12021,CENTRO DE SALUD NAHUEL LORENZO VILLA DEL CARMEN,PILAR,PILAR,BA,24,278
B12022,HOSPITAL COMUNAL DE TIGRE,TIGRE,TIGRE,BA,678,4507
B12023,UNIDAD SANITARIA DR SPRINGOLO,MORON,MORON,BA,12,440
B12024,HOSPITAL MUNICIPAL O. LAVIGNOLLE,MORON,MORON,BA,708,5443
B12025,CENTRO DE SALUD SANTA LAURA,MORON,MORON,BA,18,93
B12026,CENTRO DE SALUD MERCEDES SOSA,MORON,MORON,BA,6,99
B12038,UNIDAD SANITARIA BARRIO OBRERO,LOMAS DE ZAMORA,LOMAS DE ZAMORA,BA,54,900
B12043,CONSULTORIO SAN DIONISIO,BAHIA BLANCA,BAHIA BLANCA,BA,18,431
B12045,UNIDAD SANITARIA DON BOSCO,BAHIA BLANCA,BAHIA BLANCA,BA,30,320
B12049,CAPS DR. OSVALDO BUEY,CHACABUCO,CHACABUCO,BA,36,188
B12050,CAPS DORA PIETRANERA,CHACABUCO,CHACABUCO,BA,6,228
B12051,C.I.C CHACABUCO,CHACABUCO,CHACABUCO,BA,6,183
B12052,UNIDAD SANITARIA N 12 SAGRADO CORAZON DE JESUS,AZUL,AZUL,BA,12,37
B12053,U.S. BENITO MACHADO,TRES ARROYOS,TRES ARROYOS,BA,24,248
B12058,UNIDAD SANITARIA N 18 SAN SEBASTIAN,ESTEBAN ECHEVERRIA,ESTEBAN ECHEVERRÍA,BA,36,99
B12059,UNIDAD FUNCIONAL LIBERTAD,MALVINAS ARGENTINAS,MALVINAS ARGENTINAS,BA,18,665
B12063,CIC MARIA LOBATO,SAN MIGUEL,SAN MIGUEL,BA,108,255
B12064,UNIDAD SANITARIA DR LUIS DOMINGO SUAREZ PARIS,SAN MIGUEL,SAN MIGUEL,BA,78,109
B12065,UNIDAD SANITARIA 29 DE SEPTIEMBRE,SAN MIGUEL,SAN MIGUEL,BA,114,652
B12067,CENTRO DE SALUD Nº 42 LA GRANJA (Bº MALVINAS),LA PLATA,LA PLATA,BA,60,607
B12068,CESAC N 43,LA PLATA,LA PLATA,BA,24,583
B12069,CIC - CS 44,LA PLATA,LA PLATA,BA,30,122
B12077,CENTRO DE SALUD B DR. FUCILE,NECOCHEA - QUEQUEN,NECOCHEA,BA,12,314
B12078,CAPS ASOCIACION DE FOMENTO,NECOCHEA - QUEQUEN,NECOCHEA,BA,42,665
B12079,CENTRO DE SALUD MADRE TERESA DE CALCUTA,NECOCHEA - QUEQUEN,NECOCHEA,BA,12,149
B12081,C.I.C CENTRO INTEGRADOR COMUNITARIO EL DIQUE,ENSENADA,ENSENADA,BA,12,234
B12083,UNIDAD SANITARIA AURORA PENALBA,ESCOBAR,ESCOBAR,BA,12,91
B12084,CENTRO ATENCION PRIMARIA PARA LA SALUD VILLA CLELIA,MAR DE AJO - SAN BERNARDO,LA COSTA,BA,6,24
B12085,CENTRO COMUNITARIO EVA PERON _ MAR DE AJO,MAR DE AJO - SAN BERNARDO,LA COSTA,BA,6,5
B12094,UNIDAD SANITARIA LA PARADA,CORONEL BRANDSEN,BRANDSEN,BA,6,144
B12098,UNIDAD SANITARIA ALTOS DEL CANAL,CARMEN DE ARECO,CARMEN DE ARECO,BA,6,33
B12104,SALA DE PRIMEROS AUXILIOS LOS CARDALES,CAPILLA DEL SENOR (EST. CAPILLA),EXALTACIÓN DE LA CRUZ,BA,18,732
B12108,CIC DR. MARTIN CALEGARO,9 DE JULIO,9 DE JULIO,BA,12,402
B12116,CENTRO DE SALUD ARCO IRIS (J. J. SANCHEZ),SAN PEDRO,SAN PEDRO,BA,6,382
B12127,CIC SAN PEDRO,SAN PEDRO,SAN PEDRO,BA,24,812
B12129,SALA RAMON CARRILLO,HURLINGHAM,HURLINGHAM,BA,42,637
B12132,UNIDAD SANITARIA RAMON CARRILLO,QUILMES,QUILMES,BA,6,123
B12133,CIC JOSE LUIS MASSA,RAUCH,RAUCH,BA,6,2
B12137,UNIDAD SANITARIA TROCHA,MERCEDES,MERCEDES,BA,18,137
B12138,CAPS SAN FRANCISCO,MERCEDES,MERCEDES,BA,18,103
B12142,CAPS GOLDNEY,MERCEDES,MERCEDES,BA,6,9
B12150,CENTRO DE RESOLUCION INMEDIATA,AVELLANEDA,AVELLANEDA,BA,12,528
B12151,BASE SANITARIA XV,EZEIZA,EZEIZA,BA,300,566
B12154,UNIDAD SANITARIA EVA PERON,AYACUCHO,AYACUCHO,BA,30,195
B12155,HOSPITAL ZONAL GENERAL DE AGUDOS SAN ROQUE,LA PLATA,LA PLATA,BA,48,228
B12158,CAPS DR. F RAVASSI (BARRIO LOS ZORZALES),SAN CARLOS DE BOLIVAR (EST. BOLIVAR),BOLIVAR,BA,30,133
B12160,CAPS DR.R.MATERA,PRESIDENTE PERON,PRESIDENTE PERON,BA,36,194
B12163,HOSPITAL INTERZONAL DE AGUDOS Y CRONICOS DR. ALEJANDRO KORN,LA PLATA,LA PLATA,BA,60,168
B12165,CIC PLAZA ESPANA,LINCOLN,LINCOLN,BA,6,404
B12167,HOSPITAL ZONAL GENERAL DE AGUDOS SIMPLEMENTE EVITA DE GONZALEZ CATAN,LA MATANZA,LA MATANZA,BA,330,7769
B12168,"""HOSPITAL SUBZONAL ESPECIALIZADO """"ELINA DE LA SERNA""""""",LA PLATA,LA PLATA,BA,6,320
B12180,CENTRO PREVENTIVO MATERNO INFANTIL,COLON,COLON,BA,42,500
B12186,UNIDAD SANITARIA GENDARMERIA,BALCARCE,BALCARCE,BA,30,357
B12187,HOSPITAL MUNICIPAL SUBZONAL BALCARCE,BALCARCE,BALCARCE,BA,84,153
B12189,CAPS SANTA ELENA,GENERAL PIRAN,MAR CHIQUITA,BA,12,83
B12190,CAPS MAR DE COBO,MAR DE COBO,MAR CHIQUITA,BA,6,22
B12191,UNIDAD SANITARIA J.B. ALBERDI (UNIDAD SANITARIA P. R. GROUPIERRE),LEANDRO N. ALEM,LEANDRO N. ALEM,BA,12,130
B12195,CENTRO DE SALUD NUESTRA SENORA DE ITATI (EL ROCIO),PILAR,PILAR,BA,18,374
B12198,HOSPITAL LOCAL ESPECIALIZADO DE MEDANOS,MEDANOS,VILLARINO,BA,18,267
B12199,CAPS NÚMERO 4,ARGERICH,VILLARINO,BA,36,330
B12201,CAPS Nº 3 MEDANOS,MEDANOS,VILLARINO,BA,6,134
B12205,UNIDAD SANITARIA AMERICA UNIDA (A. ILLIA),PRESIDENTE PERON,PRESIDENTE PERON,BA,12,768
B12210,CAPS DEL CENTRO,COMANDANTE NICANOR OTAMENDI,GENERAL ALVARADO,BA,150,113
B12211,UNIDAD SANITARIA VIRGEN DE ITATI,LOBERIA,LOBERIA,BA,12,6
B12214,CAPS SAN DONATO,CHIVILCOY,CHIVILCOY,BA,6,532
B12216,CENTRO MUNICIPAL DE SALUD (HOSPITAL PIROVANO),TRES ARROYOS,TRES ARROYOS,BA,114,163
B12220,HOSPITAL DR. FRANCISCO QUIJANO,CARHUE,ADOLFO ALSINA,BA,12,418
B12221,CENTRO DE SALUD N21 JUAN DOMINGO PERON,ALMIRANTE BROWN,ALMIRANTE BROWN,BA,18,807
B12222,UNIDAD SANITARIA LA QUILA,LA MATANZA,LA MATANZA,BA,96,580
B12224,UNIDAD SANITARIA CIC 2 DE ABRIL,LA MATANZA,LA MATANZA,BA,30,93
B12228,CAPS LA PALOMITA,LUJAN,LUJAN,BA,12,15
B12230,C. A. P. S. SAN ISIDRO LABRADOR,SAN ISIDRO,SAN ISIDRO,BA,294,3077
B12231,CENTRO DE SALUD N° 40,LA PLATA,LA PLATA,BA,114,152
B12232,UNIDAD SANITARIA SAN PEDRO - VIRREY DEL PINO,LA MATANZA,LA MATANZA,BA,24,292
B12234,CIC LA PAZ,QUILMES,QUILMES,BA,6,105
B12237,CENTRO DE SALUD SANTA ROSA,FLORENCIO VARELA,FLORENCIO VARELA,BA,150,105
B12240,CAPS BLANCA ACOSTA,VICENTE LOPEZ,VICENTE LOPEZ,BA,6,93
B12241,POSTA AYELEN,MORENO,MORENO,BA,42,768
B12242,UNIDAD SANITARIA N° 26 LOURDES,OLAVARRIA,OLAVARRÍA,BA,18,285
B12248,CIC EL ROCIO,FLORENCIO VARELA,FLORENCIO VARELA,BA,6,72
B12253,"""CAPS BARRIO 05 """"DEL CARMEN""""""",JOSE JUAN ALMEYRA,NAVARRO,BA,30,51
B12257,HOSPITAL MUNICIPAL DE CASBAS,GUAMINI,GUAMINI,BA,18,120
B12259,CIC DON JOSÉ,FLORENCIO VARELA,FLORENCIO VARELA,BA,12,498
B12261,CIC,SALTO,SALTO,BA,48,165
B12262,SALA DE SALUD BARRIO INDUSTRIAL,SALTO,SALTO,BA,36,30
B12265,UNIDAD SANITARIA BARRIO DEL ESTE,BERUTTI,TRENQUE LAUQUEN,BA,6,263
B12266,U. S. AEROPARQUE,MAR DEL PLATA,GENERAL PUEYRREDÓN,BA,60,216
B12267,U.S. ALTO CAMET,MAR DEL PLATA,GENERAL PUEYRREDÓN,BA,264,1464
B12268,CIC PEHUAJO,PEHUAJO,PEHUAJO,BA,6,129
B12269,TRAILER OPERATIVO SANITARIO ¨LOS BARRIOS¨,LANUS,LANUS,BA,12,383
B12270,U.S. ANTARTIDA ARGENTINA,BARRIO COLINAS VERDES,GENERAL PUEYRREDÓN,BA,36,308
B12271,U.S. PARQUE INDEPENDENCIA,BARRIO COLINAS VERDES,GENERAL PUEYRREDÓN,BA,18,256
B12273,CAPS ESTACION CAMET,MAR DEL PLATA,GENERAL PUEYRREDÓN,BA,6,244
B12274,CENTRO DE SALUD N 44,COUNTRY CLUB EL RODEO,LA PLATA,BA,96,603
B12276,TRAILER FAVALORO,JOSE C. PAZ,JOSE C. PAZ,BA,12,124
B12277,PRIMER NIVEL,JOSE C. PAZ,JOSE C. PAZ,BA,12,249
B12278,UNIDAD SANITARIA N 22 LOMA VERDE,ALMIRANTE BROWN,ALMIRANTE BROWN,BA,186,840
B12279,"""HOSPITAL DE TRAUMA Y EMERGENCIAS """"DR FEDERICO ABETE""""""",MALVINAS ARGENTINAS,MALVINAS ARGENTINAS,BA,324,6323
B12282,CONSULTORIOS EXTERNOS,ESTEBAN ECHEVERRIA,ESTEBAN ECHEVERRÍA,BA,186,147
B12285,UNIDAD SANITARIA Nº 12 DR GENNA,JUNIN,JUNIN,BA,6,55
B12289,UNIDAD SANITARIA Nº 27 CIC,COLONIA HINOJO,OLAVARRÍA,BA,42,206
B12290,CENTRO DE SALUD N 25 ACUPO,ESPIGAS,OLAVARRÍA,BA,6,112
B12292,DIRECCION MEDICINA PREVENTIVA,MERLO,MERLO,BA,6,472
B12293,CIC EL PORTENO,CHASCOMUS,CHASCOMUS,BA,6,226
B12296,CIC EL TRIANGULO,MERLO,MERLO,BA,180,652
B90471,CAPS TRAILLER,AVELLANEDA,AVELLANEDA,BA,6,284
B90734,CIC CENTRO INTEGRADOR COMUNITARIO,GOWLAND,MERCEDES,BA,42,553
B90735,UNIDAD SANITARIA LOS GALLITOS,LUJAN,LUJAN,BA,18,101
B90752,POSTA BELISARIO ROLDAN,MAR DEL PLATA,GENERAL PUEYRREDÓN,BA,96,534
B90754,CENTRO DE SALUD LAS LOMAS,ESCOBAR,ESCOBAR,BA,108,744
B90755,CAPS NESTOR KIRCHNER,SAN VICENTE,SAN VICENTE,BA,42,541
B90756,CAPS DARDO DECIMA,LAS FLORES,LAS FLORES,BA,30,356
B90757,CENTRO DE SALUD N46,LA PLATA,LA PLATA,BA,12,219
B90759,CENTRO ETS,MORENO,MORENO,BA,6,107
B90760,CIC LA BIBIANA,MORENO,MORENO,BA,120,674
B90761,CAPS ALTOS DE LA REJA,MORENO,MORENO,BA,72,689
B90764,CAPS BELGRANO,TIGRE,TIGRE,BA,66,154
B90769,CIC DR HORACIO QUINTIN,CHASCOMUS,CHASCOMUS,BA,18,412
B90770,CAPS CENTRAL,GENERAL RODRIGUEZ,GENERAL RODRIGUEZ,BA,60,530
B90772,UNIDAD FUNCIONAL GRAND BOURG SUR,MALVINAS ARGENTINAS,MALVINAS ARGENTINAS,BA,18,120
B90776,CAPSN 23 RAMON CARRILLO GLEW SUR,ALMIRANTE BROWN,ALMIRANTE BROWN,BA,96,93
B90777,POSTA SANITARIA VILLA PARIS,ALMIRANTE BROWN,ALMIRANTE BROWN,BA,6,135
B90778,CAPS JUANA MANSO,TIGRE,TIGRE,BA,90,114
B90781,HOSPITAL ZONAL GENERAL DE AGUDOS DR. ALBERTO EURNEKIAN,EZEIZA,EZEIZA,BA,48,387
B90787,UNIDAD SANITARIA VILLANUEVA,MORENO,MORENO,BA,114,93
B90791,CENTRO DE SALUD INTEGRAL SANDRA CABRERA,COUNTRY CLUB EL RODEO,LA PLATA,BA,54,3
B90792,UNIDAD SANITARIA MALVINAS ARGENTINAS,ENSENADA,ENSENADA,BA,30,59
B90793,HOSPITAL OFTALMOLOGICO DR HORACIO LOPEZ,ESCOBAR,ESCOBAR,BA,12,328
B90794,US MADRE TERESA DE CALCUTA,PRESIDENTE PERON,PRESIDENTE PERON,BA,24,255
B90795,CENTRO DE NUTRICION Y DESARROLLO MATERNO INFANTIL,PRESIDENTE PERON,PRESIDENTE PERON,BA,30,441
B90800,MATERNIDAD DE MORENO ESTELA DE CARLOTTO,MORENO,MORENO,BA,522,2561
B90801,CENTRO DE SALUD LA LOMA,PILAR,PILAR,BA,66,524
B90804,CENTRO DE SALUD BARRIO MANANTIALES,PILAR,PILAR,BA,30,404
B90806,UNIDAD SANITARIA CAMILA ROLON,SAN MIGUEL,SAN MIGUEL,BA,36,93
B90807,UNIDAD SANITARIA SAN MIGUEL OESTE,SAN MIGUEL,SAN MIGUEL,BA,270,1025
B90808,UNIDAD SANITARIA 20 DE JULIO,SAN MIGUEL,SAN MIGUEL,BA,24,369
B90810,CAPS N°21 TROPEZON,GENERAL SAN MARTÍN,GENERAL SAN MARTÍN,BA,6,732
B90811,CENTRO SANTA ANA,GENERAL SAN MARTÍN,GENERAL SAN MARTÍN,BA,30,577
B90812,CAPS N°20 POSTA CARCOVA,GENERAL SAN MARTÍN,GENERAL SAN MARTÍN,BA,18,762
B90816,C.A.P.S MALVINAS ARGENTINAS,LAPRIDA,LAPRIDA,BA,12,272
B90820,"HOSPITAL INTERZONAL ESPECIALIZADO DE AGUDOS Y CRONICOS ""SAN JUAN DE DIOS""",COUNTRY CLUB EL RODEO,LA PLATA,BA,96,306
B90823,CAPS DON EMILIO,MAR DEL PLATA,GENERAL PUEYRREDÓN,BA,30,381
B90829,UNIDAD SANITARIA LA MATERA,QUILMES,QUILMES,BA,114,102
B90832,UNIDAD FUNCIONAL PUEBLO CHICO CLUB SOCIAL Y DEPORTIVO,MALVINAS ARGENTINAS,MALVINAS ARGENTINAS,BA,18,703
B90834,UNIDAD SANITARIA AMBIENTAL,MERLO,MERLO,BA,78,105
B90839,UNIDAD SANITARIA NESTOR KIRCHNER,LOMAS DE ZAMORA,LOMAS DE ZAMORA,BA,18,789
B90840,CENTRO DE ATENCION FAMILIAR Y DE SALUD EVA PERON,TIGRE,TIGRE,BA,72,565
B90841,CAPS LOS ROBLES,MERCEDES,MERCEDES,BA,12,55
B90843,HOSPITAL GENERAL DE AGUDOS DR. ALBERTO BALESTRINI,LA MATANZA,LA MATANZA,BA,54,478
B90849,CENTRO INTEGRADOR COMUNITARIO,BAHIA BLANCA,BAHIA BLANCA,BA,12,512
B90854,UNIDAD DE RESPUESTA INMEDIATA,VICENTE LOPEZ,VICENTE LOPEZ,BA,12,556
B90856,UNIDAD SANITARIA AMBIENTAL DR. RENE FAVALORO,SAN VICENTE,SAN VICENTE,BA,126,321
B90859,CIC OLIMPO,CLAROMECO,TRES ARROYOS,BA,6,434
B90860,CENTRO INTEGRADOR COMUNITARIO (CIC),CORONEL VIDAL,MAR CHIQUITA,BA,6,30
B90861,POSTA SANITARIA LA ESTHER,ALMIRANTE BROWN,ALMIRANTE BROWN,BA,24,110
B90863,UNIDAD SANITARIA N° 13 BARRIO EL SOL,AZUL,AZUL,BA,24,235
B90864,POSTA SANITARIA LA CUMBRE,ALMIRANTE BROWN,ALMIRANTE BROWN,BA,6,98
B90868,HOSPITAL ODONTOLOGICO EVA PERON,JOSE C. PAZ,JOSE C. PAZ,BA,12,579
B90876,CAPS N° 17 BARRIO VENGOCHEA,GENERAL RODRIGUEZ,GENERAL RODRIGUEZ,BA,36,260
B90880,CENTRO INTEGRADOR COMUNITARIO I,BALCARCE,BALCARCE,BA,18,175
B90883,UNIDAD SANITARIA AMBIENTAL,MARCOS PAZ,MARCOS PAZ,BA,54,457
B90884,UNIDAD SANITARIA EL PRADO,MARCOS PAZ,MARCOS PAZ,BA,36,335
B90885,CIC DR. NESTOR KIRCHNER,MARCOS PAZ,MARCOS PAZ,BA,48,170
B90920,CAPS N° 25 2 DE ABRIL,ALMIRANTE BROWN,ALMIRANTE BROWN,BA,90,723
B90925,CENTRO DE SALUD MUNICIPAL N° 2,ADOLFO GONZALES CHAVES (EST. CHAVES),ADOLFO GONZALES CHAVES,BA,12,85
B90945,CAPS N° 30 LOS PINOS,ALMIRANTE BROWN,ALMIRANTE BROWN,BA,48,112
B90975,CIC PISTA TROTE,FLORENCIO VARELA,FLORENCIO VARELA,BA,18,141
B90978,CAPS N° 26 UNIDAD DE SALUD AMBIENTAL (USAM),ALMIRANTE BROWN,ALMIRANTE BROWN,BA,12,134
B90979,CAPS GINES GONZALEZ GARCIA BARRIO FONAVI,LINCOLN,LINCOLN,BA,6,199
B90985,POSTA SANITARIA 15 DE ENERO,ALMIRANTE BROWN,ALMIRANTE BROWN,BA,84,441
B90991,CENTRO DE SALUD MUNICIPAL UNIVERSITARIO PADRE GINO,FLORENCIO VARELA,FLORENCIO VARELA,BA,150,775
