CUIE,CENTRO,Tipologia,Internacion,Dependencia,LOCALIDAD,DEPARTAMENTO,PROVINCIA,Historias clinicas,Prestaciones,efectores,nmuestra,mh
B08032,HOSPITAL MUNICIPAL SANTA FRANCISCA ROMANA,ESCIG,SI,Municipal,ARRECIFES,ARRECIFES,BA,288,2610,1,1,1
B08613,HOSPITAL MUNICIPAL MENDITEGUY (SAN CAYETANO),ESCIG,SI,Municipal,SAN CAYETANO,SAN CAYETANO,BA,36,113,1,1,1
B07841,HOSPITAL LOCAL MUNICIPAL GOBERNADOR UGARTE,ESCIG,SI,Municipal,PUAN,PUAN,BA,36,90,1,1,1
B07849,HOSPITAL Y MATERNIDAD MUNICIPAL DE PIG‹… DR ADOLFO DUC”S,ESCIG,SI,Municipal,PIGUE,SAAVEDRA,BA,120,122,1,1,1
B12257,HOSPITAL MUNICIPAL DE CASBAS,ESCIG,SI,Municipal,GUAMINI,GUAMINI,BA,18,120,2,1,2
B07831,HOSPITAL MUNICIPAL DR. JOAQUIN LLAMBIAS (GUAMINI),ESCIG,SI,Municipal,GUAMINI,GUAMINI,BA,30,574,2,1,2
B07982,HOSPITAL MUNICIPAL DR. DOMINGO GIROTTI,ESCIG,SI,Municipal,TRES LOMAS,TRES LOMAS,BA,54,231,2,1,2
B07983,UNIDAD SANITARIA DR. RUBEN V. PALO,ESSIDT,NO,Municipal,TRES LOMAS,TRES LOMAS,BA,12,115,2,1,2
B07993,HOSPITAL SUBZONAL GRAL. VIAMONTE (EUGENIO VARGAS),ESCIG,SI,Municipal,BAIGORRITA,GENERAL VIAMONTE,BA,30,660,2,1,2
B02232,UNIDAD SANITARIA JUAN XXIII,ESSIDT,NO,Municipal,BAIGORRITA,GENERAL VIAMONTE,BA,6,82,2,1,2
B12210,CAPS DEL CENTRO,ESSIDT,NO,Municipal,COMANDANTE NICANOR OTAMENDI,GENERAL ALVARADO,BA,150,113,2,1,2
B08533,UNIDAD SANITARIA J. DE DIOS ESTELA,ESSIDT,NO,Municipal,MIRAMAR,GENERAL ALVARADO,BA,6,249,2,1,2
B08090,HOSPITAL MUNICIPAL SAN ANDRES,ESCIG,SI,Municipal,SAN ANDRES DE GILES,SAN ANDRES DE GILES,BA,48,778,3,1,3
B08098,SALA DE PRIMEROS AUXILIOS CUCULLU - SANTA TERESITA,ESSIDT,NO,Municipal,SAN ANDRES DE GILES,SAN ANDRES DE GILES,BA,6,45,3,1,3
B08096,SALA DE PRIMEROS AUXILIOS MONTE DE NOVI,ESSIDT,NO,Municipal,SAN ANDRES DE GILES,SAN ANDRES DE GILES,BA,18,168,3,1,3
B07907,HOSPITAL MUNICIPAL DR. PEDRO MARIO ROMANAZZI,ESCIG,SI,Municipal,DAIREAUX,DAIREAUX,BA,60,193,3,1,3
B02120,UNIDAD SANITARIA RAMON CARRILLO,ESSIDT,NO,Municipal,DAIREAUX,DAIREAUX,BA,12,373,3,1,3
B07910,UNIDAD SANITARIA DR. S. A. CARLE,ESSIDT,NO,Municipal,DAIREAUX,DAIREAUX,BA,24,199,3,1,3
B08118,HOSPITAL INTERZONAL GENERAL DE AGUDOS SAN FELIPE,ESCIG,SI,Provincial,SAN NICOLAS DE LOS ARROYOS,SAN NICOLAS,BA,498,1227,3,1,3
B02575,CENTRO DE MEDICINA PREVENTIVA DR. FERREYRA,ESSIDT,NO,Municipal,SAN NICOLAS DE LOS ARROYOS,SAN NICOLAS,BA,18,324,3,1,3
B02563,SALA DE PRIMEROS AUXILIOS GRAL ROJO,ESSIDT,NO,Municipal,GENERAL ROJO,SAN NICOLAS,BA,6,123,3,1,3
B03454,HOSPITAL MUNICIPAL DE LEANDRO N ALEM (VEDIA),ESCIG,SI,Municipal,LEANDRO N. ALEM,LEANDRO N. ALEM,BA,18,765,4,1,4
B08008,UNIDAD SANITARIA LEANDRO N. ALEM,ESSIDT,NO,Municipal,LEANDRO N. ALEM,LEANDRO N. ALEM,BA,12,214,4,1,4
B02367,UNIDAD SANITARIA BARRIO EL HUMO,ESSIDT,NO,Municipal,LEANDRO N. ALEM,LEANDRO N. ALEM,BA,6,39,4,1,4
B12191,UNIDAD SANITARIA J.B. ALBERDI (UNIDAD SANITARIA P. R. GROUPIERRE),ESSIDT,NO,Municipal,LEANDRO N. ALEM,LEANDRO N. ALEM,BA,12,130,4,1,4
B08739,HOSPITAL LOCAL GRAL. SAN ANTONIO DE PADUA,ESCIG,SI,Municipal,NAVARRO,NAVARRO,BA,42,533,4,1,4
B12253,CAPS BARRIO 05 DEL CARMEN,ESSIDT,NO,Municipal,JOSE JUAN ALMEYRA,NAVARRO,BA,30,51,4,1,4
B08041,CAPS BARRIO MARIN,ESSIDT,NO,Municipal,JOSE JUAN ALMEYRA,NAVARRO,BA,6,109,4,1,4
B00017,UNIDAD SANITARIA RAMON CARRILO BARRIO MATADERO,ESSIDT,NO,Municipal,NAVARRO,NAVARRO,BA,6,54,4,1,4
B02418,UNIDAD SANITARIA SANTA CLARA DEL MAR,ESSIDT,NO,Municipal,SANTA CLARA DEL MAR,MAR CHIQUITA,BA,114,718,5,1,5
B12190,CAPS MAR DE COBO,ESSIDT,NO,Municipal,MAR DE COBO,MAR CHIQUITA,BA,6,22,5,1,5
B12189,CAPS SANTA ELENA,ESSIDT,NO,Municipal,GENERAL PIRAN,MAR CHIQUITA,BA,12,83,5,1,5
B90860,CENTRO INTEGRADOR COMUNITARIO (CIC),ESSIDT,NO,Municipal,CORONEL VIDAL,MAR CHIQUITA,BA,6,30,5,1,5
B08595,UNIDAD SANITARIA GRAL PIRAN - DR LUIS SAGASTA,ESSIDT,NO,Municipal,GENERAL PIRAN,MAR CHIQUITA,BA,6,112,5,1,5
B12187,HOSPITAL MUNICIPAL SUBZONAL BALCARCE,ESCIG,SI,Municipal,BALCARCE,BALCARCE,BA,84,153,7,1,6
B08524,UNIDAD SANITARIA GENERAL BALCARCE,ESSIDT,NO,Municipal,BALCARCE,BALCARCE,BA,18,331,7,1,6
B08521,UNIDAD SANITARIA PUEBLO NUEVO,ESSIDT,NO,Municipal,BALCARCE,BALCARCE,BA,12,363,7,1,6
B90880,CENTRO INTEGRADOR COMUNITARIO I,ESSIDT,NO,Municipal,BALCARCE,BALCARCE,BA,18,175,7,1,6
B08526,UNIDAD SANITARIA BO. MARTIN DE G‹EMES,ESSIDT,NO,Municipal,BALCARCE,BALCARCE,BA,6,119,7,1,6
B12186,UNIDAD SANITARIA GENDARMERIA,ESSIDT,NO,Municipal,BALCARCE,BALCARCE,BA,30,357,7,1,6
B08523,UNIDAD SANITARIA SAN MARTIN,ESSIDT,NO,Municipal,BALCARCE,BALCARCE,BA,12,352,7,1,6
B08815,HOSPITAL ZONAL GENERAL DE AGUDOS DR. HORACIO CESTINO,ESCIG,SI,Provincial,ENSENADA,ENSENADA,BA,216,212,7,1,6
B90792,UNIDAD SANITARIA MALVINAS ARGENTINAS,ESSIDT,NO,Municipal,ENSENADA,ENSENADA,BA,30,59,7,1,6
B12081,C.I.C CENTRO INTEGRADOR COMUNITARIO EL DIQUE,ESSIDT,NO,Municipal,ENSENADA,ENSENADA,BA,12,234,7,1,6
B02127,UNIDAD SANITARIA EL MOLINO - PUNTA LARA,ESSIDT,NO,Municipal,ENSENADA,ENSENADA,BA,108,289,7,1,6
B02124,UNIDAD SANITARIA N 080 VILLA CATELA,ESSIDT,NO,Municipal,ENSENADA,ENSENADA,BA,108,251,7,1,6
B02129,UNIDAD SANITARIA N 101 VILLA TRANQUILA,ESSIDT,NO,Municipal,ENSENADA,ENSENADA,BA,102,538,7,1,6
B02128,UNIDAD SANITARIA N 184 PUNTA LARA,ESSIDT,NO,Municipal,ENSENADA,ENSENADA,BA,42,22,7,1,6
B08125,HOSPITAL LOCAL SANTA LUCIA,ESCIG,SI,Municipal,SANTA LUCIA,SAN PEDRO,BA,30,625,8,1,7
B08126,HOSPITAL DR EMILIO RUFFA,ESCIG,SI,Municipal,SAN PEDRO,SAN PEDRO,BA,120,266,8,1,7
B12127,CIC SAN PEDRO,ESSIDT,NO,Municipal,SAN PEDRO,SAN PEDRO,BA,24,812,8,1,7
B02578,CAPS ARANA,ESSIDT,NO,Municipal,RIO TALA,SAN PEDRO,BA,12,395,8,1,7
B02577,CAPS CANALETAS,ESSIDT,NO,Municipal,SAN PEDRO,SAN PEDRO,BA,18,321,8,1,7
B08123,CAPS CASTRO,ESSIDT,NO,Municipal,GOBERNADOR CASTRO,SAN PEDRO,BA,18,419,8,1,7
B08121,CAPS LOS AROMOS,ESSIDT,NO,Municipal,SAN PEDRO,SAN PEDRO,BA,6,454,8,1,7
B12116,CENTRO DE SALUD ARCO IRIS (J. J. SANCHEZ),ESSIDT,NO,Municipal,SAN PEDRO,SAN PEDRO,BA,6,382,8,1,7
B08003,HOSPITAL ABRAHAM PI—EYRO,ESCIG,SI,Provincial,JUNIN,JUNIN,BA,162,241,8,1,7
B02255,UNIDAD SANITARIA N∞ 2 CAPILLA DE LORETO,ESSIDT,NO,Municipal,JUNIN,JUNIN,BA,18,583,8,1,7
B02261,UNIDAD SANITARIA N∞ 4 EMILIO MITRE,ESSIDT,NO,Municipal,JUNIN,JUNIN,BA,6,160,8,1,7
B02256,UNIDAD SANITARIA N∞ 7 EUSEBIO MARCILLA,ESSIDT,NO,Municipal,JUNIN,JUNIN,BA,18,236,8,1,7
B12285,UNIDAD SANITARIA N∫ 12 DR GENNA,ESSIDT,NO,Municipal,JUNIN,JUNIN,BA,6,55,8,1,7
B02258,UNIDAD SANITARIA N∫ 3 PRADO ESPA—OL,ESSIDT,NO,Municipal,JUNIN,JUNIN,BA,6,446,8,1,7
B02251,UNIDAD SANITARIA N∫ 8 VILLA DEL PARQUE,ESSIDT,NO,Municipal,JUNIN,JUNIN,BA,6,273,8,1,7
B02253,UNIDAD SANITARIA N∫ 9 LOS ALMENDROS,ESSIDT,NO,Municipal,JUNIN,JUNIN,BA,6,156,8,1,7
B08084,HOSPITAL MUNICIPAL DE SALTO PRESIDENTE JUAN D. PERON,ESCIG,SI,Municipal,SALTO,SALTO,BA,96,123,9,1,8
B08083,CENTRO DE SALUD BARRIO TROCHA,ESSIDT,NO,Municipal,SALTO,SALTO,BA,18,98,9,1,8
B08089,SALA DE PRIMEROS AUXILIOS INES INDART,ESSIDT,NO,Municipal,INES INDART,SALTO,BA,12,25,9,1,8
B02529,UNIDAD SANITARIA ARROYO DULCE,ESSIDT,NO,Municipal,ARROYO DULCE,SALTO,BA,6,18,9,1,8
B02531,UNIDAD SANITARIA BARRIO ALONSO,ESSIDT,NO,Municipal,SALTO,SALTO,BA,18,132,9,1,8
B02530,UNIDAD SANITARIA GAHAN,ESSIDT,NO,Municipal,GAHAN,SALTO,BA,6,34,9,1,8
B12261,CIC,ESSIDT,NO,Municipal,SALTO,SALTO,BA,48,165,9,1,8
B12262,SALA DE SALUD BARRIO INDUSTRIAL,ESSIDT,NO,Municipal,SALTO,SALTO,BA,36,30,9,1,8
B02532,UNIDAD SANITARIA BARRIO RETIRO,ESSIDT,NO,Municipal,SALTO,SALTO,BA,54,142,9,1,8
B08601,HOSPITAL MUNICIPAL DR NESTOR CATTONI,ESCIG,SI,Municipal,JUAN N. FERNANDEZ,NECOCHEA,BA,12,102,11,1,10
B08600,HOSPITAL MUNICIPAL DR. E. FERREYRA,ESCIG,SI,Municipal,NECOCHEA - QUEQUEN,NECOCHEA,BA,294,1689,11,1,10
B08602,HOSPITAL SUBZONAL GRAL. JOSE IRURZUM,ESCIG,SI,Municipal,NECOCHEA - QUEQUEN,NECOCHEA,BA,54,817,11,1,10
B12078,CAPS ASOCIACION DE FOMENTO,ESSIDT,NO,Municipal,NECOCHEA - QUEQUEN,NECOCHEA,BA,42,665,11,1,10
B02455,CAPS GRAL. JOSE DE SAN MARTIN,ESSIDT,NO,Municipal,NECOCHEA - QUEQUEN,NECOCHEA,BA,18,293,11,1,10
B12077,CENTRO DE SALUD B DR. FUCILE,ESSIDT,NO,Municipal,NECOCHEA - QUEQUEN,NECOCHEA,BA,12,314,11,1,10
B12079,CENTRO DE SALUD MADRE TERESA DE CALCUTA,ESSIDT,NO,Municipal,NECOCHEA - QUEQUEN,NECOCHEA,BA,12,149,11,1,10
B08596,CENTRO PERIFERICO BO. NORTE,ESSIDT,NO,Municipal,NECOCHEA - QUEQUEN,NECOCHEA,BA,12,510,11,1,10
B08597,CENTRO PERIFERICO J. B. FLORES (OESTE),ESSIDT,NO,Municipal,NECOCHEA - QUEQUEN,NECOCHEA,BA,12,255,11,1,10
B08599,CENTRO PERIFERICO SEIS ESQUINAS,ESSIDT,NO,Municipal,NECOCHEA - QUEQUEN,NECOCHEA,BA,12,317,11,1,10
B02452,UNIDAD SANITARIA BO. SUDOESTE SR DANIEL DIEZ,ESSIDT,NO,Municipal,NECOCHEA - QUEQUEN,NECOCHEA,BA,42,448,11,1,10
B08069,HOSPITAL INTERZONAL GENERAL DE AGUDOS SAN JOSE,ESCIG,SI,Provincial,PERGAMINO,PERGAMINO,BA,276,5084,13,1,11
B08055,CENTRO DE ATENCION PRIMARIA BARRIO ACEVEDO,ESSIDT,NO,Municipal,ACEVEDO,PERGAMINO,BA,6,91,13,1,11
B02485,CENTRO DE ATENCION PRIMARIA 12 DE OCTUBRE,ESSIDT,NO,Municipal,PERGAMINO,PERGAMINO,BA,42,683,13,1,11
B08058,CENTRO DE ATENCION PRIMARIA 2 DE ABRIL,ESSIDT,NO,Municipal,PERGAMINO,PERGAMINO,BA,42,191,13,1,11
B02482,CENTRO DE ATENCION PRIMARIA BARRIO JOHN KENNEDY,ESSIDT,NO,Municipal,PERGAMINO,PERGAMINO,BA,6,635,13,1,11
B08057,CENTRO DE ATENCION PRIMARIA B∫ OTERO,ESSIDT,NO,Municipal,PERGAMINO,PERGAMINO,BA,6,335,13,1,11
B02487,CENTRO DE ATENCION PRIMARIA DR OSCAR BUSTOS,ESSIDT,NO,Municipal,PERGAMINO,PERGAMINO,BA,30,120,13,1,11
B02483,CENTRO DE ATENCION PRIMARIA DR. ITALO VIGLIERCHIO,ESSIDT,NO,Municipal,PERGAMINO,PERGAMINO,BA,48,124,13,1,11
B09946,CENTRO DE ATENCION PRIMARIA DRA. SONIA FERNANDEZ,ESSIDT,NO,Municipal,PERGAMINO,PERGAMINO,BA,24,333,13,1,11
B09945,CENTRO DE ATENCION PRIMARIA RAMON CARRILLO,ESSIDT,NO,Municipal,PERGAMINO,PERGAMINO,BA,12,801,13,1,11
B02484,CENTRO DE ATENCION PRIMARIA RAUL ARBALLO,ESSIDT,NO,Municipal,PERGAMINO,PERGAMINO,BA,18,407,13,1,11
B08053,CENTRO DE ATENCION PRIMARIA S. MAZA,ESSIDT,NO,Municipal,PERGAMINO,PERGAMINO,BA,24,696,13,1,11
B08066,CENTRO DE ATENCION PRIMARIA URQUIZA,ESSIDT,NO,Municipal,PERGAMINO,PERGAMINO,BA,6,76,13,1,11
B08138,HOSPITAL SAN JOS… - CAMPANA,ESCIG,SI,Municipal,CAMPANA,CAMPANA,BA,18,243,15,1,13
B02097,CIC N 03 BO. LUBO,ESSIDT,NO,Municipal,CAMPANA,CAMPANA,BA,60,453,15,1,13
B02099,CIC N 04 SAN CAYETANO,ESSIDT,NO,Municipal,CAMPANA,CAMPANA,BA,6,447,15,1,13
B02089,UNIDAD SANITARIA N 01 BO. DEL PINO,ESSIDT,NO,Municipal,CAMPANA,CAMPANA,BA,6,185,15,1,13
B02100,UNIDAD SANITARIA N 02 COLINAS DE OTAMENDI,ESSIDT,NO,Municipal,CAMPANA,CAMPANA,BA,6,362,15,1,13
B02098,UNIDAD SANITARIA N 06 BO. VILLA NUEVA,ESSIDT,NO,Municipal,CAMPANA,CAMPANA,BA,144,444,15,1,13
B02094,UNIDAD SANITARIA N 07 LAS ACACIAS,ESSIDT,NO,Municipal,CAMPANA,CAMPANA,BA,30,238,15,1,13
B08135,UNIDAD SANITARIA N 08 BLONDEAU,ESSIDT,NO,Municipal,CAMPANA,CAMPANA,BA,6,36,15,1,13
B02090,UNIDAD SANITARIA N 11 STA. LUCIA,ESSIDT,NO,Municipal,CAMPANA,CAMPANA,BA,6,42,15,1,13
B02095,UNIDAD SANITARIA N 12 BO. SAN FELIPE,ESSIDT,NO,Municipal,CAMPANA,CAMPANA,BA,42,265,15,1,13
B08131,UNIDAD SANITARIA N 16 SAN JACINTO,ESSIDT,NO,Municipal,CAMPANA,CAMPANA,BA,36,150,15,1,13
B02093,UNIDAD SANITARIA N 17 LAS CAMPANAS,ESSIDT,NO,Municipal,CAMPANA,CAMPANA,BA,24,350,15,1,13
B08133,UNIDAD SANITARIA N 18 SIDERCA,ESSIDT,NO,Municipal,CAMPANA,CAMPANA,BA,6,79,15,1,13
B09893,UNIDAD SANITARIA N 22 HIPOLITO IRIGOYEN,ESSIDT,NO,Municipal,CAMPANA,CAMPANA,BA,6,84,15,1,13
B02101,UNIDAD SANITARIA N10 LA JOSEFA,ESSIDT,NO,Municipal,CAMPANA,CAMPANA,BA,78,371,15,1,13
B08479,HOSPITAL MUNICIPAL NUESTRA SENORA DE LUJAN,ESCIG,SI,Municipal,LUJAN,LUJAN,BA,60,210,18,1,15
B08484,CAPS SAN BERNARDO,ESCL,NO,Municipal,LUJAN,LUJAN,BA,6,53,18,1,15
B08470,CAPS LA LOMA,ESSIDT,NO,Municipal,LUJAN,LUJAN,BA,24,99,18,1,15
B12228,CAPS LA PALOMITA,ESSIDT,NO,Municipal,LUJAN,LUJAN,BA,12,15,18,1,15
B08473,CAPS SAN CAYETANO,ESSIDT,NO,Municipal,LUJAN,LUJAN,BA,12,15,18,1,15
B08473,CAPS SAN CAYETANO,ESSIDT,NO,Municipal,LUJAN,LUJAN,BA,12,15,18,1,15
B90735,UNIDAD SANITARIA LOS GALLITOS,ESSIDT,NO,Municipal,LUJAN,LUJAN,BA,18,101,18,1,15
B02407,CAPS AMEGHINO,ESSIDT,NO,Municipal,LUJAN,LUJAN,BA,18,168,18,1,15
B08468,CAPS LANUSSE,ESSIDT,NO,Municipal,LUJAN,LUJAN,BA,72,197,18,1,15
B02408,CAPS OLIVERA,ESSIDT,NO,Municipal,OLIVERA,LUJAN,BA,6,45,18,1,15
B02412,CAPS OPEN DOOR,ESSIDT,NO,Municipal,OPEN DOOR (EST. DR. DOMINGO CABRED),LUJAN,BA,18,197,18,1,15
B08482,CAPS PADRE VERELA,ESSIDT,NO,Municipal,LUJAN,LUJAN,BA,84,142,18,1,15
B02409,CAPS SAN PEDRO,ESSIDT,NO,Municipal,LUJAN,LUJAN,BA,30,135,18,1,15
B02410,CAPS SANTA ELENA,ESSIDT,NO,Municipal,LUJAN,LUJAN,BA,30,46,18,1,15
B08474,CAPS TORRES,ESSIDT,NO,Municipal,TORRES,LUJAN,BA,12,67,18,1,15
B02411,CENTRO DE MEDICINA PREVENTIVA EVA PERON - POLICLINICO,ESSIDT,NO,Municipal,LUJAN,LUJAN,BA,48,84,18,1,15
B02413,UNIDAD SANITARIA SANTA MARIA,ESSIDT,NO,Municipal,LUJAN,LUJAN,BA,36,107,18,1,15
B09902,UNIDAD SANITARIA SANTO CRISTO (SEMI PRIVADA),ESSIDT,NO,Municipal,LUJAN,LUJAN,BA,6,52,18,1,15
B08890,HOSPITAL MATERNO INFANTIL ANA GOITIA,ESCIE,SI,Provincial,AVELLANEDA,AVELLANEDA,BA,570,1099,20,1,17
B08891,HOSPITAL INTERZONAL GENERAL DE AGUDOS DR. PEDRO FIORITO,ESCIG,SI,Provincial,AVELLANEDA,AVELLANEDA,BA,192,236,20,1,17
B08892,HOSPITAL INTERZONAL GENERAL DE AGUDOS PRESIDENTE PERON,ESCIG,SI,Provincial,AVELLANEDA,AVELLANEDA,BA,348,5810,20,1,17
B90471,CAPS TRAILLER,ESSIDT,NO,Municipal,AVELLANEDA,AVELLANEDA,BA,6,284,20,1,17
B12150,CENTRO DE RESOLUCION INMEDIATA,ESSIDT,NO,Municipal,AVELLANEDA,AVELLANEDA,BA,12,528,20,1,17
B09321,UNIDAD SANITARIA BARRIO AGUERO,ESSIDT,NO,Municipal,AVELLANEDA,AVELLANEDA,BA,6,38,20,1,17
B08870,UNIDAD SANITARIA CASELLA PINERO,ESSIDT,NO,Municipal,AVELLANEDA,AVELLANEDA,BA,48,101,20,1,17
B09322,UNIDAD SANITARIA DR. RAUL SALVARREDY,ESSIDT,NO,Municipal,AVELLANEDA,AVELLANEDA,BA,24,461,20,1,17
B02037,UNIDAD SANITARIA N 01 - VILLA DOMINICO,ESSIDT,NO,Municipal,AVELLANEDA,AVELLANEDA,BA,60,888,20,1,17
B02024,UNIDAD SANITARIA N 05 - GERLI,ESSIDT,NO,Municipal,AVELLANEDA,AVELLANEDA,BA,12,486,20,1,17
B02026,UNIDAD SANITARIA N 06 - GRAL. SAN MARTIN,ESSIDT,NO,Municipal,AVELLANEDA,AVELLANEDA,BA,60,539,20,1,17
B02027,UNIDAD SANITARIA N 09 - ISLA MACIEL DOCK,ESSIDT,NO,Municipal,AVELLANEDA,AVELLANEDA,BA,60,719,20,1,17
B02040,UNIDAD SANITARIA N 10,ESSIDT,NO,Municipal,AVELLANEDA,AVELLANEDA,BA,6,111,20,1,17
B02031,UNIDAD SANITARIA N 11 - SARANDI,ESSIDT,NO,Municipal,AVELLANEDA,AVELLANEDA,BA,24,268,20,1,17
B02025,UNIDAD SANITARIA N 14 - GERLI ESTE,ESSIDT,NO,Municipal,AVELLANEDA,AVELLANEDA,BA,12,33,20,1,17
B02028,UNIDAD SANITARIA N 18 - PINEYRO,ESSIDT,NO,Municipal,AVELLANEDA,AVELLANEDA,BA,6,69,20,1,17
B02033,UNIDAD SANITARIA N 19 - VILLA ARGENTINA,ESSIDT,NO,Municipal,AVELLANEDA,AVELLANEDA,BA,12,200,20,1,17
B02035,UNIDAD SANITARIA N∫ 03 - VILLA DOMINICO,ESSIDT,NO,Municipal,AVELLANEDA,AVELLANEDA,BA,30,246,20,1,17
B08886,UNIDAD SANITARIA N∫ 15 - MENTAL INFANTO JUVENIL,ESSIDT,NO,Municipal,AVELLANEDA,AVELLANEDA,BA,18,625,20,1,17
B02036,UNIDAD SANITARIA N∫ 17 - VILLA DOMINICO,ESSIDT,NO,Municipal,AVELLANEDA,AVELLANEDA,BA,12,722,20,1,17
B00813,HOSPITAL ZONAL GENERAL DE AGUDOS GOBERNADOR DOMINGO MERCANTE,ESCIG,SI,Provincial,JOSE C. PAZ,JOSE C. PAZ,BA,204,371,25,1,21
B00039,HOSPITAL DE ALTA COMPLEJIDAD RUBEN CAPORALETTI (UPD),ESCIG,SI,Municipal,JOSE C. PAZ,JOSE C. PAZ,BA,24,544,25,1,21
B00038,HOSPITAL DE TRAUMATOLOGIA DOMINGO AGIO (UPD),ESCIG,SI,Municipal,JOSE C. PAZ,JOSE C. PAZ,BA,246,7959,25,1,21
B00040,OFICINA DE SALUD MENTAL,ESCL,NO,Municipal,JOSE C. PAZ,JOSE C. PAZ,BA,6,290,25,1,21
B90868,HOSPITAL ODONTOLOGICO EVA PERON,ESSIDT,NO,Municipal,JOSE C. PAZ,JOSE C. PAZ,BA,12,579,25,1,21
B12276,TRAILER FAVALORO,ESSIDT,NO,Municipal,JOSE C. PAZ,JOSE C. PAZ,BA,12,124,25,1,21
B00650,C. A. P. S. EL OMBU,ESSIDT,NO,Municipal,JOSE C. PAZ,JOSE C. PAZ,BA,6,285,25,1,21
B00224,C. A. P. S. N 07 - JUAN VUCETICH,ESSIDT,NO,Municipal,JOSE C. PAZ,JOSE C. PAZ,BA,126,609,25,1,21
B00225,C. A. P. S. N 12 - LAS ACACIAS,ESSIDT,NO,Municipal,JOSE C. PAZ,JOSE C. PAZ,BA,18,409,25,1,21
B00480,C. A. P. S. N 15 - ALBERDI,ESSIDT,NO,Municipal,JOSE C. PAZ,JOSE C. PAZ,BA,150,642,25,1,21
B00268,C. A. P. S. N 28 - LA PAZ,ESSIDT,NO,Municipal,JOSE C. PAZ,JOSE C. PAZ,BA,6,626,25,1,21
B00592,C. A. P. S. N 29 - LAS HERAS,ESSIDT,NO,Municipal,JOSE C. PAZ,JOSE C. PAZ,BA,144,206,25,1,21
B00809,C. A. P. S. N 32 - MIRADOR DE ALTUBE,ESSIDT,NO,Municipal,JOSE C. PAZ,JOSE C. PAZ,BA,6,165,25,1,21
B00278,C. A. P. S. N 33 - LA PRIMAVERA,ESSIDT,NO,Municipal,JOSE C. PAZ,JOSE C. PAZ,BA,6,254,25,1,21
B00279,C. A. P. S. N 35 - SAGRADA FAMILIA,ESSIDT,NO,Municipal,JOSE C. PAZ,JOSE C. PAZ,BA,102,318,25,1,21
B00545,C. A. P. S. N 36 - SAN ATILIO,ESSIDT,NO,Municipal,JOSE C. PAZ,JOSE C. PAZ,BA,6,141,25,1,21
B00810,C. A. P. S. N 39 - SAN ROQUE,ESSIDT,NO,Municipal,JOSE C. PAZ,JOSE C. PAZ,BA,6,131,25,1,21
B00373,C. A. P. S. N 46 - SUIZO INFICO,ESSIDT,NO,Municipal,JOSE C. PAZ,JOSE C. PAZ,BA,48,102,25,1,21
B00811,C. A. P. S. N 52 - URQUIZA,ESSIDT,NO,Municipal,JOSE C. PAZ,JOSE C. PAZ,BA,168,393,25,1,21
B00655,C. A. P. S. N 53 - SOL Y VERDE,ESSIDT,NO,Municipal,JOSE C. PAZ,JOSE C. PAZ,BA,174,893,25,1,21
B03758,C. A. P. S. PINEIRO II,ESSIDT,NO,Municipal,JOSE C. PAZ,JOSE C. PAZ,BA,24,85,25,1,21
B02249,C. A. P. S. SUIZO IDEAL,ESSIDT,NO,Municipal,JOSE C. PAZ,JOSE C. PAZ,BA,30,54,25,1,21
B02246,C. A. P. S. ZONA NORTE,ESSIDT,NO,Municipal,JOSE C. PAZ,JOSE C. PAZ,BA,18,202,25,1,21
B12277,PRIMER NIVEL,ESSIDT,NO,Municipal,JOSE C. PAZ,JOSE C. PAZ,BA,12,249,25,1,21
B02224,TRAILER PINEYRO,ESSIDT,NO,Municipal,JOSE C. PAZ,JOSE C. PAZ,BA,24,180,25,1,21
B08573,HOSPITAL MATERNO INFANTIL DR. TETAMANTI,ESCIE,SI,Provincial,MAR DEL PLATA,GENERAL PUEYRRED”N,BA,36,320,29,1,25
B08568,UNIDAD SANITARIA EL BOQUERON,ESSIDT,NO,Municipal,MAR DEL PLATA,GENERAL PUEYRRED”N,BA,36,224,29,1,25
B01081,CAPS BATAN,ESSIDT,NO,Municipal,BATAN,GENERAL PUEYRRED”N,BA,144,673,29,1,25
B00673,CAPS COHELO MEYRELLES,ESSIDT,NO,Municipal,MAR DEL PLATA,GENERAL PUEYRRED”N,BA,60,545,29,1,25
B90823,CAPS DON EMILIO,ESSIDT,NO,Municipal,MAR DEL PLATA,GENERAL PUEYRRED”N,BA,30,381,29,1,25
B00472,CAPS EL MARTILLO,ESSIDT,NO,Municipal,MAR DEL PLATA,GENERAL PUEYRRED”N,BA,396,995,29,1,25
B12273,CAPS ESTACION CAMET,ESSIDT,NO,Municipal,MAR DEL PLATA,GENERAL PUEYRRED”N,BA,6,244,29,1,25
B02189,CAPS FLORENTINO AMEGHINO,ESSIDT,NO,Municipal,MAR DEL PLATA,GENERAL PUEYRRED”N,BA,144,728,29,1,25
B00473,CAPS IREMI,ESSIDT,NO,Municipal,MAR DEL PLATA,GENERAL PUEYRRED”N,BA,300,2162,29,1,25
B00707,CAPS LAS HERAS,ESSIDT,NO,Municipal,MAR DEL PLATA,GENERAL PUEYRRED”N,BA,312,1214,29,1,25
B09771,CEMA CENTRO DE ESPECIALIDADES MEDICAS AMBULATORIAS,ESSIDT,NO,Municipal,MAR DEL PLATA,GENERAL PUEYRRED”N,BA,144,520,29,1,25
B08551,CENTRO DE LACTANTES N 12 GRAL. BELGRANO SUBCENTRO BELGRANO,ESSIDT,NO,Municipal,MAR DEL PLATA,GENERAL PUEYRRED”N,BA,228,171,29,1,25
B00471,CENTRO DE SALUD N 2,ESSIDT,NO,Municipal,MAR DEL PLATA,GENERAL PUEYRRED”N,BA,246,767,29,1,25
B09936,CENTRO DE SALUD N∫ 1,ESSIDT,NO,Municipal,MAR DEL PLATA,GENERAL PUEYRRED”N,BA,132,391,29,1,25
B90752,POSTA BELISARIO ROLDAN,ESSIDT,NO,Municipal,MAR DEL PLATA,GENERAL PUEYRRED”N,BA,96,534,29,1,25
B01083,SUBCENTRO LIBERTAD,ESSIDT,NO,Municipal,MAR DEL PLATA,GENERAL PUEYRRED”N,BA,288,1954,29,1,25
B12266,U. S. AEROPARQUE,ESSIDT,NO,Municipal,MAR DEL PLATA,GENERAL PUEYRRED”N,BA,60,216,29,1,25
B01084,U. S. PARQUE HERMOSO,ESSIDT,NO,Municipal,MAR DEL PLATA,GENERAL PUEYRRED”N,BA,6,137,29,1,25
B12267,U.S. ALTO CAMET,ESSIDT,NO,Municipal,MAR DEL PLATA,GENERAL PUEYRRED”N,BA,264,1464,29,1,25
B12270,U.S. ANTARTIDA ARGENTINA,ESSIDT,NO,Municipal,BARRIO COLINAS VERDES,GENERAL PUEYRRED”N,BA,36,308,29,1,25
B12271,U.S. PARQUE INDEPENDENCIA,ESSIDT,NO,Municipal,BARRIO COLINAS VERDES,GENERAL PUEYRRED”N,BA,18,256,29,1,25
B01080,UNIDAD SANITARIA 2 DE ABRIL,ESSIDT,NO,Municipal,MAR DEL PLATA,GENERAL PUEYRRED”N,BA,42,373,29,1,25
B02192,UNIDAD SANITARIA BO. CENTENARIO - GRAL. PUEYRREDON,ESSIDT,NO,Municipal,MAR DEL PLATA,GENERAL PUEYRRED”N,BA,30,299,29,1,25
B08569,UNIDAD SANITARIA FARO NORTE,ESSIDT,NO,Municipal,MAR DEL PLATA,GENERAL PUEYRRED”N,BA,60,687,29,1,25
B00597,UNIDAD SANITARIA JORGE NEWBERY,ESSIDT,NO,Municipal,MAR DEL PLATA,GENERAL PUEYRRED”N,BA,48,115,29,1,25
B01082,UNIDAD SANITARIA LA PEREGRINA,ESSIDT,NO,Municipal,MAR DEL PLATA,GENERAL PUEYRRED”N,BA,96,751,29,1,25
B00696,UNIDAD SANITARIA LAS AMERICAS,ESSIDT,NO,Municipal,MAR DEL PLATA,GENERAL PUEYRRED”N,BA,126,121,29,1,25
B02188,UNIDAD SANITARIA NUEVE DE JULIO - MAR DEL PLATA,ESSIDT,NO,Municipal,MAR DEL PLATA,GENERAL PUEYRRED”N,BA,144,132,29,1,25
B00369,UNIDAD SANITARIA PLAYAS DEL SUR,ESSIDT,NO,Municipal,MAR DEL PLATA,GENERAL PUEYRRED”N,BA,42,195,29,1,25
B08952,HOSPITAL LOCAL MUNICIPAL MATERNO INFANTIL DR. OSCAR ALENDE,ESCIG,SI,Municipal,LOMAS DE ZAMORA,LOMAS DE ZAMORA,BA,582,7610,35,1,30
B08963,HOSPITAL LUISA C. DE GANDULFO,ESCIG,SI,Municipal,LOMAS DE ZAMORA,LOMAS DE ZAMORA,BA,228,1496,35,1,30
B12038,UNIDAD SANITARIA BARRIO OBRERO,ESSIDT,NO,Municipal,LOMAS DE ZAMORA,LOMAS DE ZAMORA,BA,54,900,35,1,30
B02385,UNIDAD SANITARIA LA CORTADA,ESSIDT,NO,Municipal,LOMAS DE ZAMORA,LOMAS DE ZAMORA,BA,48,139,35,1,30
B02382,UNIDAD SANITARIA LA SALUD COMO DERECHO,ESSIDT,NO,Municipal,LOMAS DE ZAMORA,LOMAS DE ZAMORA,BA,18,683,35,1,30
B02394,UNIDAD SANITARIA LAS CASUARINAS,ESSIDT,NO,Municipal,LOMAS DE ZAMORA,LOMAS DE ZAMORA,BA,18,822,35,1,30
B02374,UNIDAD SANITARIA MARIANO MORENO,ESSIDT,NO,Municipal,LOMAS DE ZAMORA,LOMAS DE ZAMORA,BA,36,141,35,1,30
B90839,UNIDAD SANITARIA NESTOR KIRCHNER,ESSIDT,NO,Municipal,LOMAS DE ZAMORA,LOMAS DE ZAMORA,BA,18,789,35,1,30
B02377,UNIDAD SANITARIA NUEVO FIORITO,ESSIDT,NO,Municipal,LOMAS DE ZAMORA,LOMAS DE ZAMORA,BA,42,194,35,1,30
B02381,UNIDAD SANITARIA PROSPERIDAD,ESSIDT,NO,Municipal,LOMAS DE ZAMORA,LOMAS DE ZAMORA,BA,12,128,35,1,30
B02386,UNIDAD SANITARIA SANTA CATALINA,ESSIDT,NO,Municipal,LOMAS DE ZAMORA,LOMAS DE ZAMORA,BA,12,112,35,1,30
B02391,UNIDAD SANITARIA SANTA MARTA,ESSIDT,NO,Municipal,LOMAS DE ZAMORA,LOMAS DE ZAMORA,BA,12,100,35,1,30
B02393,UNIDAD SANITARIA SANTA ROSA,ESSIDT,NO,Municipal,LOMAS DE ZAMORA,LOMAS DE ZAMORA,BA,6,630,35,1,30
B02384,UNIDAD SANITARIA SOLIDARIDAD,ESSIDT,NO,Municipal,LOMAS DE ZAMORA,LOMAS DE ZAMORA,BA,66,148,35,1,30
B02392,UNIDAD SANITARIA VICENTE LOPEZ,ESSIDT,NO,Municipal,LOMAS DE ZAMORA,LOMAS DE ZAMORA,BA,6,681,35,1,30
B02387,UNIDAD SANITARIA VILLA EL FARO,ESSIDT,NO,Municipal,LOMAS DE ZAMORA,LOMAS DE ZAMORA,BA,36,102,35,1,30
B08958,CENTRO DE SALUD 25 DE MAYO,ESSIDT,NO,Municipal,LOMAS DE ZAMORA,LOMAS DE ZAMORA,BA,36,161,35,1,30
B02400,UNIDAD SANITARIA 19 DE DICIEMBRE,ESSIDT,NO,Municipal,LOMAS DE ZAMORA,LOMAS DE ZAMORA,BA,72,118,35,1,30
B02375,UNIDAD SANITARIA ALICIA MOREAU DE JUSTO,ESSIDT,NO,Municipal,LOMAS DE ZAMORA,LOMAS DE ZAMORA,BA,36,106,35,1,30
B02402,UNIDAD SANITARIA DR ALBERTO FONROUGE,ESSIDT,NO,Municipal,LOMAS DE ZAMORA,LOMAS DE ZAMORA,BA,48,509,35,1,30
B02404,UNIDAD SANITARIA DR ANGEL A. TULLIO,ESSIDT,NO,Municipal,LOMAS DE ZAMORA,LOMAS DE ZAMORA,BA,60,107,35,1,30
B02390,UNIDAD SANITARIA DR E FINOCHIETTO,ESSIDT,NO,Municipal,LOMAS DE ZAMORA,LOMAS DE ZAMORA,BA,72,118,35,1,30
B02380,UNIDAD SANITARIA DR. FEDERICO E. PAYAS,ESSIDT,NO,Municipal,LOMAS DE ZAMORA,LOMAS DE ZAMORA,BA,12,100,35,1,30
B02399,UNIDAD SANITARIA DR. MARTIN J. OLIVERAS,ESSIDT,NO,Municipal,LOMAS DE ZAMORA,LOMAS DE ZAMORA,BA,30,108,35,1,30
B02376,UNIDAD SANITARIA DR. RAMON,ESSIDT,NO,Municipal,LOMAS DE ZAMORA,LOMAS DE ZAMORA,BA,60,123,35,1,30
B02372,UNIDAD SANITARIA EVA PERON,ESSIDT,NO,Municipal,LOMAS DE ZAMORA,LOMAS DE ZAMORA,BA,78,726,35,1,30
B02405,UNIDAD SANITARIA GRAL LAMADRID,ESSIDT,NO,Municipal,LOMAS DE ZAMORA,LOMAS DE ZAMORA,BA,12,113,35,1,30
B02378,UNIDAD SANITARIA INGENIERO BUDGE,ESSIDT,NO,Municipal,LOMAS DE ZAMORA,LOMAS DE ZAMORA,BA,18,779,35,1,30
B09365,UNIDAD SANITARIA JUAN MANUEL ROSAS,ESSIDT,NO,Municipal,LOMAS DE ZAMORA,LOMAS DE ZAMORA,BA,12,104,35,1,30
B09366,UNIDAD SANITARIA LAVALLOL - LOMAS DE ZAMORA,ESSIDT,NO,Municipal,LOMAS DE ZAMORA,LOMAS DE ZAMORA,BA,42,363,35,1,30
B02403,UNIDAD SANITARIA LUIS AGOTE,ESSIDT,NO,Municipal,LOMAS DE ZAMORA,LOMAS DE ZAMORA,BA,24,113,35,1,30
B02395,UNIDAD SANITARIA SAN JOSE,ESSIDT,NO,Municipal,LOMAS DE ZAMORA,LOMAS DE ZAMORA,BA,24,120,35,1,30
B02401,UNIDAD SANITARIA VILLA ALBERTINA (19 DE DICIEMBRE),ESSIDT,NO,Municipal,LOMAS DE ZAMORA,LOMAS DE ZAMORA,BA,66,146,35,1,30
B09367,UNIDAD SANITARIA VILLA GENERAL. SAN MARTIN,ESSIDT,NO,Municipal,LOMAS DE ZAMORA,LOMAS DE ZAMORA,BA,6,114,35,1,30
B02389,UNIDAD SANITARIA VILLA INDEPENDENCIA,ESSIDT,NO,Municipal,LOMAS DE ZAMORA,LOMAS DE ZAMORA,BA,36,120,35,1,30
B08328,HOSPITAL MATENRO INFANTIL DR. EQUIZA,ESCIE,SI,Municipal,LA MATANZA,LA MATANZA,BA,534,3997,47,1,40
B08342,POLICLINICO CENTRAL SAN JUSTO,ESCIG,SI,Municipal,LA MATANZA,LA MATANZA,BA,252,8770,47,1,40
B08326,HOSPITAL DR. DIEGO PAROISSIEN,ESCIG,SI,Provincial,LA MATANZA,LA MATANZA,BA,162,138,47,1,40
B90843,HOSPITAL GENERAL DE AGUDOS DR. ALBERTO BALESTRINI,ESCIG,SI,Provincial,LA MATANZA,LA MATANZA,BA,54,478,47,1,40
B08327,HOSPITAL LOCAL MATERNO-INFANTIL DRA. GERMANI,ESCIG,SI,Municipal,LA MATANZA,LA MATANZA,BA,264,4807,47,1,40
B12167,HOSPITAL ZONAL GENERAL DE AGUDOS SIMPLEMENTE EVITA DE GONZALEZ CATAN,ESCIG,SI,Provincial,LA MATANZA,LA MATANZA,BA,330,7769,47,1,40
B08351,CENTRO DE SALUD DGO. ROCA N∞ 2 DE ORO VERDE,ESSIDT,NO,Municipal,LA MATANZA,LA MATANZA,BA,120,563,47,1,40
B12008,UNIDAD DE SALUD EL TORERO,ESSIDT,NO,Municipal,LA MATANZA,LA MATANZA,BA,90,548,47,1,40
B12003,UNIDAD DE SALUD LOS ALAMOS,ESSIDT,NO,Municipal,LA MATANZA,LA MATANZA,BA,6,101,47,1,40
B12009,UNIDAD DE SALUD VILLA GIARDINO,ESSIDT,NO,Municipal,LA MATANZA,LA MATANZA,BA,150,405,47,1,40
B12005,UNIDAD SANITARIA INDEPENDENCIA,ESSIDT,NO,Municipal,LA MATANZA,LA MATANZA,BA,36,189,47,1,40
B02271,UNIDAD SANITARIA LA ESPERANZA G. CATAN,ESSIDT,NO,Municipal,LA MATANZA,LA MATANZA,BA,42,280,47,1,40
B02293,UNIDAD SANITARIA LA FORESTA,ESSIDT,NO,Municipal,LA MATANZA,LA MATANZA,BA,54,402,47,1,40
B12222,UNIDAD SANITARIA LA QUILA,ESSIDT,NO,Municipal,LA MATANZA,LA MATANZA,BA,96,580,47,1,40
B12015,UNIDAD SANITARIA LA TABLADA,ESSIDT,NO,Municipal,LA MATANZA,LA MATANZA,BA,42,875,47,1,40
B08358,UNIDAD SANITARIA N 8 VILLA RECONDO,ESSIDT,NO,Municipal,LA MATANZA,LA MATANZA,BA,54,257,47,1,40
B08358,UNIDAD SANITARIA N 8 VILLA RECONDO,ESSIDT,NO,Municipal,LA MATANZA,LA MATANZA,BA,54,257,47,1,40
B08352,CENTRO DE SALUD DR. EISAGUIRRE - VILLA CELINA,ESSIDT,NO,Municipal,LA MATANZA,LA MATANZA,BA,36,320,47,1,40
B08356,CENTRO DE SALUD IGNACIO EZCURRA,ESSIDT,NO,Municipal,LA MATANZA,LA MATANZA,BA,144,434,47,1,40
B08364,CENTRO DE SALUD RAMON CARRILLO - CIUDAD EVITA,ESSIDT,NO,Municipal,LA MATANZA,LA MATANZA,BA,24,191,47,1,40
B12010,UNIDAD DE SALUD LAFERRERE,ESSIDT,NO,Municipal,LA MATANZA,LA MATANZA,BA,42,377,47,1,40
B12006,UNIDAD DE SALUD SAN JOSE OBRERO,ESSIDT,NO,Municipal,LA MATANZA,LA MATANZA,BA,36,93,47,1,40
B02276,UNIDAD SANITARIA 17 DE AGOSTO - LA MATANZA,ESSIDT,NO,Municipal,LA MATANZA,LA MATANZA,BA,36,534,47,1,40
B02266,UNIDAD SANITARIA BO. ALMAFUERTE - LA MATANZA,ESSIDT,NO,Municipal,LA MATANZA,LA MATANZA,BA,18,520,47,1,40
B02301,UNIDAD SANITARIA BO. NICOLLE,ESSIDT,NO,Municipal,LA MATANZA,LA MATANZA,BA,36,205,47,1,40
B12224,UNIDAD SANITARIA CIC 2 DE ABRIL,ESSIDT,NO,Municipal,LA MATANZA,LA MATANZA,BA,30,93,47,1,40
B08355,UNIDAD SANITARIA EL TAMBO,ESSIDT,NO,Municipal,LA MATANZA,LA MATANZA,BA,42,169,47,1,40
B02296,UNIDAD SANITARIA FRANCISCA CAPUTTO,ESSIDT,NO,Municipal,LA MATANZA,LA MATANZA,BA,30,500,47,1,40
B09884,UNIDAD SANITARIA G. DEL GIUDICE,ESSIDT,NO,Municipal,LA MATANZA,LA MATANZA,BA,12,331,47,1,40
B08347,UNIDAD SANITARIA JOSE HERNANDEZ - VILLA CELINA - LA MATANZA,ESSIDT,NO,Municipal,LA MATANZA,LA MATANZA,BA,18,136,47,1,40
B08329,UNIDAD SANITARIA JUAN MANUEL DE ROSAS,ESSIDT,NO,Municipal,LA MATANZA,LA MATANZA,BA,42,137,47,1,40
B02270,UNIDAD SANITARIA JUAN XXIII,ESSIDT,NO,Municipal,LA MATANZA,LA MATANZA,BA,108,98,47,1,40
B12014,UNIDAD SANITARIA JUSTOS VILLEGAS,ESSIDT,NO,Municipal,LA MATANZA,LA MATANZA,BA,30,345,47,1,40
B08340,UNIDAD SANITARIA LAS CASITAS,ESSIDT,NO,Municipal,LA MATANZA,LA MATANZA,BA,6,163,47,1,40
B02272,UNIDAD SANITARIA LOS CEIBOS - LA MATANZA,ESSIDT,NO,Municipal,LA MATANZA,LA MATANZA,BA,24,93,47,1,40
B02248,UNIDAD SANITARIA MONSENOR BUFANO,ESSIDT,NO,Municipal,LA MATANZA,LA MATANZA,BA,126,181,47,1,40
B02285,UNIDAD SANITARIA MOVIL DON JUAN,ESSIDT,NO,Municipal,LA MATANZA,LA MATANZA,BA,84,122,47,1,40
B02286,UNIDAD SANITARIA N 22 EVA PERON,ESSIDT,NO,Municipal,LA MATANZA,LA MATANZA,BA,24,104,47,1,40
B02294,UNIDAD SANITARIA N 40 VIRREY DEL PINO (U.S. VIRREY DEL PINO KM 41),ESSIDT,NO,Municipal,LA MATANZA,LA MATANZA,BA,24,197,47,1,40
B08363,UNIDAD SANITARIA PUERTO ARGENTINO,ESSIDT,NO,Municipal,LA MATANZA,LA MATANZA,BA,48,171,47,1,40
B02292,UNIDAD SANITARIA ROQUE PEREZ 20 DE JUNIO,ESSIDT,NO,Municipal,LA MATANZA,LA MATANZA,BA,6,47,47,1,40
B02273,UNIDAD SANITARIA SABIN,ESSIDT,NO,Municipal,LA MATANZA,LA MATANZA,BA,30,263,47,1,40
B08366,UNIDAD SANITARIA SAN CARLOS - LA MATANZA,ESSIDT,NO,Municipal,LA MATANZA,LA MATANZA,BA,78,401,47,1,40
B02277,UNIDAD SANITARIA SAN PEDRO - LA MATANZA,ESSIDT,NO,Municipal,LA MATANZA,LA MATANZA,BA,30,497,47,1,40
B12232,UNIDAD SANITARIA SAN PEDRO - VIRREY DEL PINO,ESSIDT,NO,Municipal,LA MATANZA,LA MATANZA,BA,24,292,47,1,40
B12013,UNIDAD SANITARIA SATURNINO SEGUROLA,ESSIDT,NO,Municipal,LA MATANZA,LA MATANZA,BA,48,144,47,1,40
B02295,HOSPITAL MOVIL MI ESPERANZA,ESSIDT,NO,Municipal,LA MATANZA,LA MATANZA,BA,24,144,47,1,40
